Descriptor,Feature importance
D_5,0.0
D_39,0.0
D_40,0.0
D_41,0.0
D_42,0.0
D_43,0.0
D_44,0.0
D_45,8.69767996630168e-06
D_46,0.0
D_47,0.0
D_48,2.3310674810308287e-08
D_49,0.0
D_50,7.683037330449177e-07
D_58,0.00021048890682672707
D_59,0.0002767252075732532
D_60,0.00026161114667395545
D_61,0.00015681130013498848
D_62,0.00031173983248697227
D_63,0.00011617631744499837
D_64,0.00016406349571333948
D_65,6.042992626581169e-05
D_66,1.2659322356597225e-05
D_67,5.8488870318010876e-05
D_68,0.0001018091285635611
D_69,8.678977043852458e-05
D_70,0.00015125232693137267
D_71,5.7272588378981025e-05
D_72,4.9389697401766556e-05
D_73,1.5329030382485687e-05
D_74,1.2657732386663913e-05
D_75,5.637207253543399e-07
D_76,3.346203810804025e-07
D_77,0.0
D_78,0.0
D_109,0.0
D_112,0.0
D_113,0.0
D_116,0.0
D_121,0.0
D_123,8.900882520796587e-07
D_124,0.0
D_189,0.0007938903894408723
D_190,0.0008257022715110392
D_191,0.0
D_192,0.0
D_193,7.889364132059394e-07
D_194,4.9695555993049355e-05
D_195,0.0
D_196,4.490138882259426e-06
D_197,1.943992772455289e-07
D_198,4.875759668608578e-08
D_199,0.0
D_200,0.0
D_202,0.0
D_206,0.0
D_208,0.0004692735987645448
D_209,0.0008381915490111462
D_210,0.0008599691646697909
D_211,0.0010281053373267317
D_212,0.0008140127266306547
D_213,0.0005878029488521296
D_214,0.0005280124256084858
D_215,0.000833278134158123
D_216,0.0009727266011556292
D_217,0.00046615248574014424
D_218,0.00021196209061758028
D_219,0.0003535359866101581
D_220,0.0007945403473818889
D_221,5.8019128001704384e-05
D_222,3.784293116962346e-05
D_223,0.000130695382313629
D_224,3.302079682151635e-05
D_225,0.00021867434915831324
D_226,9.805071114877596e-05
D_227,6.359776218160551e-06
D_228,1.587923987825838e-07
D_253,0.0
D_254,0.0
D_255,1.6037164619794883e-07
D_256,0.0
D_257,7.14434792205187e-07
D_258,2.7045967409030453e-05
D_259,2.713111594868834e-06
D_260,7.631523791835316e-07
D_261,0.0
D_262,1.8727466566694348e-06
D_263,1.078002806356779e-06
D_264,1.943992772499228e-07
D_265,0.0
D_266,0.0
D_267,2.8396840986916797e-06
D_268,0.0
D_294,0.00089092051767939
D_295,0.0012307388175164875
D_296,0.00048315015326037694
D_297,0.0008170472641089857
D_298,0.0006747943742724208
D_299,0.0009224635893010921
D_300,0.0011106598105826409
D_301,0.0002922268785873476
D_302,0.00045991962203074325
D_303,0.0006696352289364486
D_304,0.0004591224004897935
D_305,0.00016251768067178195
D_306,0.00021608158044550147
D_307,3.2891082363746026e-05
D_308,1.8807171416348395e-05
D_309,0.00044296235581426193
D_310,0.0
D_311,0.0
D_312,0.0
D_313,0.0
D_356,0.00035063375578621377
D_357,0.0010629761945096185
D_358,8.230125321959544e-06
D_359,0.0
D_360,4.450867126889459e-06
D_361,2.0338342970783532e-07
D_362,0.00035719007162651626
D_363,0.0
D_364,6.371468533688848e-05
D_365,1.2267421226745437e-05
D_366,0.0
D_367,4.0089468882185717e-07
D_368,7.77186656339991e-07
D_369,0.0
D_370,3.150526412505638e-06
D_371,0.0
D_377,0.0
D_378,0.0
D_380,1.39353717154611e-05
D_381,0.0001339154892464224
D_382,0.0005904333561966416
D_383,0.00038011755163075737
D_384,0.00012014505733484105
D_385,0.00026904246696532973
D_386,0.0007751874413744857
D_387,0.00020192175989343868
D_388,8.508486196821976e-05
D_389,0.0002997731570486265
D_390,0.0005246235300287734
D_391,0.0009730024431355705
D_392,0.0005675810089327849
D_393,0.0007394349518211914
D_394,0.0002126185403453815
D_395,0.00012923626580328603
D_396,0.0001660324474828889
D_397,3.416300016472908e-05
D_398,1.0842732315813683e-05
D_399,8.335473953354941e-07
D_400,8.702173240353387e-06
D_401,2.343285057181099e-05
D_402,1.2620520863443213e-05
D_403,1.4166514855326799e-09
D_418,2.8770043614949185e-08
D_419,1.4166800655569621e-05
D_420,0.0
D_421,0.0
D_425,1.468022721787204e-07
D_426,1.927531534920282e-05
D_427,0.0
D_428,1.943992772276333e-07
D_429,0.0
D_430,0.0
D_431,4.402422521186068e-05
D_432,0.0
D_433,1.9896973212605136e-06
D_434,2.065267122943658e-08
D_435,0.0
D_436,0.0
D_437,1.0029612954955565e-06
D_438,0.0
D_461,2.8954081768338987e-06
D_462,0.00023296354277021003
D_463,0.0007698230756946105
D_464,0.0022717772290135187
D_465,0.0007366161799611855
D_466,0.0006532095747288786
D_467,0.0011898850722463189
D_468,0.0008782623441361406
D_469,0.0006377410193862133
D_470,0.0006959680160925399
D_471,0.0008113895761765804
D_472,0.0006162981139926004
D_473,0.0004126156433050354
D_474,0.00025835912859029683
D_475,0.00041657934267976964
D_476,0.00016286689448787302
D_477,2.1978994548624047e-05
D_478,2.3108830257483515e-05
D_479,7.247013171796461e-05
D_480,2.1641995893544174e-05
D_481,9.296380431991055e-06
D_482,0.0
D_483,0.0
D_484,0.0
D_505,0.000913663497909257
D_506,0.0004599215662765751
D_507,0.0003209426790680511
D_508,0.00010079284899393679
D_509,0.00021778635932987963
D_510,1.0041559083723085e-05
D_511,0.00041912207912323554
D_512,7.373854363080046e-05
D_513,0.0011776754822990746
D_514,0.0018716023577848115
D_515,3.060703338932413e-05
D_516,0.00011169613254245848
D_517,0.00010136032395896583
D_518,0.0001093218526152464
D_519,0.00019713971726812758
D_520,0.00026332802785373826
D_521,8.590645650360525e-05
D_522,3.291518322109172e-05
D_523,1.3866567122937977e-05
D_524,1.6833498784767882e-05
D_525,3.803609461096826e-06
D_526,2.925669690701266e-05
D_527,2.11247529990374e-05
D_528,3.158549567700543e-06
D_529,0.0
D_547,0.0
D_548,0.0
D_549,0.0
D_550,0.0
D_561,0.0
D_562,0.0
D_563,0.0
D_564,0.0
D_565,0.0
D_566,0.00023415627951330628
D_567,0.0
D_568,0.0
D_569,0.0
D_570,0.0
D_571,0.00011302991284526804
D_572,0.0
D_573,6.920406104865772e-06
D_574,0.0
D_575,0.0
D_576,2.4858900395876105e-09
D_577,2.1403887840775154e-05
D_578,0.0
D_610,0.0
D_611,8.831790992307552e-09
D_612,0.0
D_613,0.0
D_614,0.0
D_615,3.750841747495476e-07
D_616,0.0
D_617,4.8860020594451326e-09
D_618,4.790800402437028e-07
D_619,3.8461261763260995e-08
D_620,9.858209832633666e-08
D_621,0.0
D_622,0.0
D_623,2.8911254612251958e-11
D_624,0.0
D_625,0.0
D_626,0.0
D_627,0.0
D_636,0.0
D_637,0.000603624792300693
D_638,1.2762655758308901e-06
D_639,0.01207416485593094
D_640,0.0
D_641,0.0
D_642,7.068682325465966e-09
D_643,0.0
D_644,1.7767975169204984e-06
D_645,2.750306163448158e-07
D_646,0.0
D_647,0.0
D_648,3.17813145579276e-05
D_649,3.066594094384398e-07
D_650,0.0
D_651,5.863897904003616e-06
D_652,5.716345199213749e-06
D_653,0.0
D_655,0.0
D_656,0.0
D_657,1.1733324527954874e-06
D_663,0.0
D_666,0.0
D_669,0.0
D_676,0.0
D_678,0.0
D_698,0.0011674936151687516
D_699,0.0008942024705432372
D_700,0.0
D_701,0.0
D_702,0.0
D_703,0.0
D_704,0.0
D_705,0.0
D_706,3.7459237947032374e-06
D_707,5.426353408671789e-07
D_708,0.0
D_711,0.0
D_717,0.00025205796032499534
D_718,0.0001684070659674377
D_719,0.00026938155915483985
D_720,0.00033522508249839514
D_721,0.0004472134108239323
D_722,0.0003155196384359355
D_723,0.00045927204935125576
D_724,5.3463145303510156e-05
D_725,0.0005024064333984736
D_726,0.0002587482216136421
D_727,0.00035269349896532555
D_728,0.00016319862509813849
D_729,2.4000287057442856e-05
D_730,2.040344247941491e-06
D_731,4.0859833136509145e-07
D_732,3.438118890070197e-05
D_733,7.776139363940987e-06
D_734,5.663372478070315e-05
D_735,1.0468498947269277e-06
D_736,1.9023239009243711e-06
D_737,1.7110148896164486e-07
D_757,0.0
D_759,1.4166514844452904e-09
D_760,0.0
D_761,0.0
D_762,2.8242236841356912e-05
D_763,3.880082974997367e-06
D_764,0.0
D_765,3.249651537107348e-05
D_766,3.1981056611902292e-06
D_767,0.0
D_768,0.0
D_769,0.0
D_772,0.0
D_773,3.882376573623193e-06
D_774,0.0
D_793,0.0009396295155093881
D_794,0.000857878083074697
D_795,0.000750529875430735
D_796,0.0007747236870883684
D_797,0.0008379709194685286
D_798,0.0006627476857927529
D_799,0.0004979246724934862
D_800,0.001025932391567908
D_801,0.00021945490887686836
D_802,0.0001260697925022602
D_803,0.0001385863605303746
D_804,0.0007065844446386872
D_805,2.3154004153482905e-05
D_806,2.2194122397384792e-06
D_807,3.0120427057163517e-07
D_808,5.812342421789505e-05
D_809,3.6966989270478874e-05
D_810,2.7522011258447474e-05
D_811,2.692218911261708e-06
D_812,1.0610749084063174e-08
D_813,0.0
D_833,2.078761034674706e-05
D_834,0.0001261577942894194
D_835,0.0001531399796066807
D_836,0.00043366469599306467
D_837,0.0005963064603893166
D_838,0.00023790269149445942
D_839,0.0011579555784280427
D_840,7.283439698142077e-05
D_841,0.00038947199199712183
D_842,0.0005881635572035441
D_843,0.00043192379795961285
D_844,0.0017625841853853828
D_845,0.0002488438166520663
D_846,0.00015636954503583011
D_847,0.00017898170445313887
D_848,0.0001991602146810959
D_849,1.929471838034659e-05
D_850,4.872875123941047e-05
D_851,0.00010479341419838849
D_852,5.836291742343356e-05
D_853,3.13708427396193e-06
D_854,0.0
D_855,0.0
D_875,2.7407477300745114e-06
D_876,0.00020618056083582936
D_877,0.0
D_878,0.0
D_881,0.0
D_882,0.0
D_884,0.0001223806720236919
D_885,0.0
D_886,0.0
D_887,0.0
D_889,0.0
D_890,1.4697864290801776e-05
D_891,1.2435862268043916e-07
D_892,0.0
D_893,0.0
D_900,0.0007140157284117982
D_901,8.274792141887149e-05
D_902,0.0003024381266314819
D_903,0.00024910135561428596
D_904,0.00021838399084691949
D_905,2.426585061697252e-05
D_906,5.975899108009044e-05
D_907,0.003415550507663327
D_908,8.399830535373526e-05
D_909,4.3043753405451986e-05
D_910,0.0007998888540672368
D_911,7.19793823288342e-06
D_912,8.232805497415311e-06
D_913,0.0
D_914,2.1633178539381732e-05
D_915,0.00016016310101765898
D_916,1.7851795650350428e-06
D_917,1.8201187964724084e-08
D_918,0.0
D_919,0.0
D_957,0.00025015729171606725
D_958,0.0010682919818023123
D_959,2.2874168336467166e-05
D_960,1.892611646308517e-06
D_961,0.00020149681338993658
D_962,4.083219264000967e-06
D_963,1.5153199063083172e-06
D_964,1.036181928287602e-05
D_965,4.61524648865492e-06
D_966,0.0005959089597699395
D_967,0.0
D_968,0.0
D_969,1.3626974011558715e-07
D_970,0.0
D_971,3.9172250975998055e-06
D_972,0.0
D_973,0.0
D_975,0.0
D_978,0.0
D_979,0.0
D_980,0.0005356761704135693
D_981,0.0003304470718473771
D_982,0.0006548832228893493
D_983,0.0007782689157171272
D_984,0.0005712782193957338
D_985,0.0004509855693127673
D_986,0.000988960978567807
D_987,0.0008800919652135307
D_988,0.0009455141798385437
D_989,0.0005180528154128973
D_990,0.0002650186171870582
D_991,0.0005817081661261189
D_992,0.0007439875545970836
D_993,0.0005536480825053527
D_994,0.0006841803885768617
D_995,0.00021071947122085102
D_996,5.989817448197062e-05
D_997,6.028519505482176e-05
D_998,5.186079631727518e-06
D_999,3.367866493622551e-07
D_1000,4.887618178015347e-05
D_1001,8.175717455294236e-06
D_1002,8.725753597102289e-07
D_1003,9.273798688247933e-08
D_1004,0.0
D_1019,1.1338296912103755e-06
D_1020,1.510887960423014e-05
D_1021,0.0
D_1022,4.164195285455258e-05
D_1023,3.385754836270552e-08
D_1024,0.0
D_1025,1.037231920537557e-05
D_1026,3.185385846690988e-05
D_1027,0.0
D_1028,1.1531857523963729e-05
D_1029,1.9439927717003185e-07
D_1030,0.0
D_1031,0.0
D_1032,2.4916374493649833e-06
D_1033,3.7381019688683564e-06
D_1034,2.1041905066523875e-06
D_1035,1.3277975614608359e-06
D_1037,8.377135401963638e-07
D_1038,0.0
D_1040,0.0
D_1041,0.0
D_1062,0.0012763904393407327
D_1063,0.0012023339171297297
D_1064,0.0005025408952638855
D_1065,0.001118598002066685
D_1066,0.002040993545757707
D_1067,0.0011300892093957398
D_1068,0.0014229078519559344
D_1069,0.0006966528903180354
D_1070,0.0003713084760344006
D_1071,0.0010282776605107758
D_1072,0.0007654938939555742
D_1073,0.0009152279996921375
D_1074,0.0006935414328020097
D_1075,0.0005825402742834265
D_1076,0.000627337735690938
D_1077,0.007941932835611728
D_1078,7.274652207461509e-05
D_1079,5.132855954913515e-06
D_1080,0.00017887467123083617
D_1081,4.044853833191542e-05
D_1082,1.0163238310117002e-05
D_1083,2.810497302224903e-05
D_1084,2.1361116430630898e-08
D_1085,0.0
D_1086,0.0
D_1104,0.001699444102719014
D_1105,0.0005072968392328956
D_1106,0.0011823302213923666
D_1107,0.0001522857241977192
D_1108,0.0003844111831454395
D_1109,0.0005933047823111998
D_1110,0.0009974454010982805
D_1111,0.0007536833082986711
D_1112,0.00011219022646047385
D_1113,0.00024687816063379025
D_1114,0.00038653083697956297
D_1115,0.0002707685157946324
D_1116,0.0003866718557757673
D_1117,0.0010175458507362914
D_1118,0.0002663975200876662
D_1119,0.0013544804434774944
D_1120,2.7292725903297472e-05
D_1121,2.4729257126816114e-06
D_1122,5.176187205383588e-06
D_1123,1.3739556938704665e-06
D_1124,2.1399186112730693e-06
D_1125,2.513974193984514e-05
D_1126,3.055639281154659e-05
D_1127,1.7024164840808163e-05
D_1128,0.0
D_1129,0.0
D_1145,0.0002254738123356869
D_1146,0.00019925966702587973
D_1147,0.01870581760648042
D_1148,0.0
D_1149,0.004072745946893707
D_1150,0.00030099433284013887
D_1151,4.41294867301024e-05
D_1152,0.0
D_1153,6.274459095951444e-07
D_1154,1.3022755727729494e-05
D_1155,5.121876085174022e-05
D_1156,0.0
D_1157,0.00013413130698014853
D_1158,2.963950131735767e-06
D_1159,0.0
D_1160,0.0
D_1161,9.223474780157197e-08
D_1162,0.0
D_1163,0.0
D_1164,0.0
D_1166,0.0
D_1167,0.0
D_1172,0.0005208842117133464
D_1173,9.44388443262693e-05
D_1174,0.0004776884895072244
D_1175,0.000925267264456146
D_1176,0.00033903520630996933
D_1177,0.0004658760590315352
D_1178,0.00025917711502391056
D_1179,0.0012146409380776762
D_1180,0.0006815909850126363
D_1181,0.0009864240667610512
D_1182,0.0006649456519643259
D_1183,0.0015879064042335907
D_1184,0.0002877741979132952
D_1185,0.00037537579405366446
D_1186,3.782461979132093e-05
D_1187,0.00013530952577953044
D_1188,7.259688457396138e-05
D_1189,6.0476766754206685e-05
D_1190,1.7933620146874962e-07
D_1191,3.185772397709292e-05
D_1192,0.0
D_1193,0.0
D_1194,2.0142307928712735e-07
D_1195,0.0
D_1214,0.00028180428023843324
D_1215,0.0003935627222097763
D_1216,0.004324073340395517
D_1217,0.0006074487798157637
D_1218,0.00016224387163185901
D_1219,0.0006268682396276321
D_1220,0.0006629528711988542
D_1221,0.0001536857666072431
D_1222,0.001660202427092728
D_1223,0.0003831860153978322
D_1224,0.00024251991775857377
D_1225,0.0004482293960879141
D_1226,0.0004208243475216316
D_1227,0.0005847278034784689
D_1228,0.0006211149371193313
D_1229,0.0001861606649892379
D_1230,3.8773926000300706e-05
D_1231,4.323233689668132e-06
D_1232,6.932304149411732e-05
D_1233,0.0
D_1234,2.0049373774281393e-07
D_1235,1.677927988398949e-08
D_1236,2.7768190311516324e-06
D_1237,0.0
D_1270,0.0
D_1271,0.0
D_1272,0.0
D_1276,0.0
D_1277,0.0
D_1286,0.00024383546204863291
D_1287,8.410500453131568e-05
D_1288,0.00029344913854263655
D_1289,3.0130603618651493e-05
D_1290,0.0006928089878460361
D_1291,9.174542302487977e-05
D_1292,2.1414374322398732e-05
D_1293,8.534145332202343e-05
D_1294,0.00011198968483868026
D_1295,3.1742650242550575e-07
D_1296,3.2826622396448617e-06
D_1297,3.9523705083859715e-06
D_1298,1.8521793712248e-05
D_1299,1.8524548338993712e-05
D_1300,5.079215255893243e-07
D_1301,1.5278093715538116e-07
D_1302,1.6802563448867688e-06
D_1303,0.0
D_1304,0.0
D_1305,0.0
D_1306,4.976329817480768e-07
D_1321,0.0
D_1322,0.0
D_1326,7.938424874342452e-06
D_1328,0.0
D_1329,1.4226459502411407e-06
D_1332,0.0
D_1333,0.0
D_1361,0.0006525939517305672
D_1362,0.0004186320340260407
D_1363,0.00040971191139111546
D_1364,0.0002128061124992648
D_1365,0.0009370618336486322
D_1366,0.00031049707076104407
D_1367,0.00017867329513689215
D_1368,0.00019299939423106965
D_1369,0.00022784723282364411
D_1370,0.00012694608072496189
D_1371,0.0002629169108274929
D_1372,0.00016367269344518028
D_1373,6.031998799785395e-07
D_1374,2.7111089275250063e-05
D_1375,8.075176943113817e-06
D_1376,1.4401236252994127e-05
D_1377,2.0136892067203158e-07
D_1378,0.0
D_1379,0.0
D_1380,0.0
D_1381,1.2790641699420577e-06
D_1395,0.0
D_1396,0.00018942638724884933
D_1397,0.00010885395825148742
D_1398,0.0004501457249640645
D_1399,1.4414427528661288e-05
D_1400,3.2168312561415736e-05
D_1401,4.279753414495783e-05
D_1402,0.00024024937424235265
D_1403,5.749406145830775e-05
D_1404,0.00048458816959323707
D_1405,7.021747359145956e-05
D_1406,0.00017735929571076212
D_1407,0.0003847969022334469
D_1408,3.646132467548852e-05
D_1409,4.829046926091296e-05
D_1410,1.0697419135612508e-06
D_1411,5.898227201901704e-06
D_1412,7.396721525838301e-08
D_1413,2.3453237906604685e-05
D_1414,2.5916213075970693e-05
D_1415,0.0
D_1416,0.0
D_1428,0.0
D_1429,0.0002180606439322696
D_1430,0.00018568460457540128
D_1431,0.0
D_1434,3.434946181555674e-07
D_1437,0.0
D_1441,0.0
D_1452,0.0006520323664960471
D_1453,0.0002708700251443528
D_1454,0.0002701881233441151
D_1455,3.7409106745052136e-05
D_1456,4.901874186912749e-05
D_1457,3.3909658448543685e-05
D_1458,1.417019335485315e-05
D_1459,0.0
D_1460,4.92278544832535e-05
D_1461,2.1227312279832265e-07
D_1462,0.0006133473614976417
D_1463,0.0
D_1464,9.172784510862143e-08
D_1465,0.0
D_1466,2.130879940232491e-06
D_1467,1.5907410032326758e-06
D_1468,2.6141954073841522e-05
D_1469,0.0
D_1470,0.0
D_1471,5.204562791941539e-07
D_1484,0.00020166400426672909
D_1485,9.133711825365971e-05
D_1486,0.00016180350653680132
D_1487,0.00011032887454700696
D_1488,1.2909465573431988e-05
D_1489,0.0013748712053308985
D_1490,5.1358599937916354e-05
D_1491,5.6385971720461884e-05
D_1492,3.3825013639202746e-05
D_1493,0.00020948031827901738
D_1494,0.0001124025097736748
D_1495,0.00027492307287129374
D_1496,0.0002294982305958215
D_1497,0.0001849525669008365
D_1498,3.2838931063314066e-05
D_1499,2.432835902786843e-06
D_1500,2.190302326675527e-08
D_1501,1.7114291144870415e-05
D_1502,0.0
D_1503,0.0
D_1504,1.4406988196210635e-05
D_1505,0.0
D_1506,0.0
D_1517,0.00027954259726318626
D_1518,0.0
D_1519,3.408136500422797e-05
D_1520,2.181256686807212e-06
D_1521,8.356295486471433e-06
D_1522,2.192410720687188e-06
D_1523,0.0
D_1524,0.0
D_1525,1.9353817296930988e-11
D_1526,0.0
D_1527,0.0
D_1528,0.0
D_1529,1.2880618121307636e-05
D_1530,0.0
D_1531,0.0
D_1533,0.0
D_1534,0.0
D_1535,0.0
D_1551,3.946486634056554e-07
D_1554,0.0
D_1555,0.0
D_1556,0.0
D_1557,0.0
D_1561,0.0
D_1569,1.3893210902098585e-05
D_1570,0.0
D_1571,0.0
D_1572,0.0
D_1573,0.0
D_1574,3.4544207145398206e-05
D_1575,4.416742524222159e-05
D_1576,5.018993823586777e-05
D_1577,1.7655828968273636e-05
D_1578,0.00019548841404003775
D_1579,0.00036462476281376856
D_1580,7.088312688603666e-05
D_1581,0.0005621277088329838
D_1582,0.00029305360234666044
D_1583,2.962565021132646e-05
D_1584,4.5196897512471514e-05
D_1585,4.4516893824046004e-06
D_1586,1.652696348748119e-08
D_1606,0.0
D_1608,0.0
D_1612,0.0
D_1629,0.0
D_1630,0.0003372492871230416
D_1631,5.6082619019145095e-05
D_1632,7.362082989786682e-05
D_1633,4.0268861336048704e-05
D_1634,7.045018542989128e-06
D_1635,3.584893249245709e-07
D_1636,1.5937452984476833e-05
D_1637,5.749041997896826e-05
D_1638,0.0005790684711766469
D_1639,0.000448418120436675
D_1640,0.00026562489936294
D_1641,0.00017444721640682333
D_1642,7.690686811986656e-05
D_1643,0.0002794167938249411
D_1644,4.338302348053399e-06
D_1645,9.207398319219337e-10
D_1646,0.0
D_1647,0.0
D_1648,0.0
D_1658,0.00015610659621884224
D_1659,8.548724812971551e-05
D_1660,0.00026106469411789904
D_1661,0.0
D_1662,1.8920633789661956e-06
D_1663,0.0
D_1664,3.58595929993292e-08
D_1665,8.630788932166314e-05
D_1666,1.834152534649199e-05
D_1667,0.0
D_1668,5.626845398171784e-06
D_1669,2.975683615121296e-05
D_1670,4.164511428873686e-05
D_1671,0.00013025875104302325
D_1672,2.4997494609120545e-05
D_1673,9.096907693634435e-06
D_1674,6.028076446769364e-06
D_1675,2.094660215760632e-06
D_1676,3.656079049065113e-07
D_1677,0.0
D_1678,0.0
D_1679,0.0
D_1689,0.0
D_1690,0.0
D_1691,0.0
D_1692,0.00020421210182409617
D_1693,0.0
D_1699,0.0
D_1700,3.4406782529463e-09
D_1703,0.0
D_1710,0.0
D_1711,0.0
D_1712,0.0
D_1713,5.164233053042245e-07
D_1714,0.0
D_1715,1.326154478701082e-07
D_1716,2.484935888217953e-07
D_1717,2.156531567574598e-06
D_1718,2.7454736547249795e-05
D_1719,3.939620035610554e-05
D_1720,0.0004840109317855904
D_1721,0.00021345131567784907
D_1722,2.7521017850440757e-05
D_1723,5.706710436185672e-05
D_1724,9.830487866653838e-06
D_1725,2.8437577116852825e-06
D_1726,3.8787052704617213e-07
D_1727,1.1863474554484884e-07
D_1728,2.772453936836222e-08
D_1729,0.0
D_1737,2.824678657374294e-05
D_1738,0.00012522386650997853
D_1739,1.5661964325091792e-05
D_1740,2.399687160904457e-05
D_1741,3.1086223994496054e-05
D_1742,6.749490429724653e-05
D_1743,0.00013997502430956508
D_1744,3.295571556330552e-05
D_1745,9.864665429954809e-05
D_1746,6.111227446531672e-05
D_1747,2.454092191037093e-05
D_1748,0.0001963851515365261
D_1749,0.0001322873147557625
D_1750,0.00021146331446078858
D_1751,2.1764364136954348e-05
D_1752,2.3301961040270282e-05
D_1753,1.5122372538211028e-05
D_1754,7.590978875713219e-08
D_1756,0.0
D_1757,0.0
D_1759,0.0
D_1760,0.0
D_1767,0.0
D_1769,1.1051421109296783e-05
D_1770,0.0
D_1771,0.0
D_1772,0.0
D_1773,2.3207665070868474e-05
D_1774,0.0
D_1775,1.2947960404846057e-06
D_1776,8.31736181144773e-10
D_1777,1.10736886213288e-05
D_1778,5.822051861531764e-05
D_1779,9.002567313332187e-07
D_1780,1.6816855756599426e-06
D_1781,9.468013821575191e-08
D_1782,2.3968385970719428e-08
D_1783,1.04433201017434e-06
D_1784,0.0
D_1785,0.0
D_1786,5.3760597709914125e-09
D_1793,0.0
D_1794,2.6437561852375506e-08
D_1795,4.2377869809294e-06
D_1796,0.0
D_1798,8.044377441801802e-08
D_1802,0.0
D_1805,5.734463218940031e-12
D_1808,0.0
D_1809,0.0
D_1820,0.0
D_1822,7.068682322295807e-09
D_1825,0.0
D_1827,1.2366430834900044e-06
D_1830,0.0
D_1835,0.0
D_1845,0.0
D_1846,0.0
D_1847,0.0
D_1848,9.582719026826604e-08
D_1850,2.4015010338381396e-05
D_1851,4.8595779010529455e-05
D_1852,1.4753102695337495e-08
D_1853,3.181225629445729e-08
D_1854,5.713461284882785e-08
D_1855,0.0
D_1856,0.0
D_1857,0.0
D_1870,0.0
D_1871,1.4743535941926498e-05
D_1872,0.0
D_1873,0.0
D_1874,4.305872466671246e-05
D_1875,0.0
D_1876,0.0
D_1877,0.0
D_1878,3.414012998632642e-08
D_1879,0.0
D_1880,0.0
D_1881,0.0
D_1882,0.0
D_1883,2.9822882115662928e-05
D_1884,0.0
D_1886,0.0
D_1887,0.0
D_1888,0.0
D_1889,0.0
D_1898,0.0
D_1899,2.7310594530761022e-05
D_1900,0.0006276715224665138
D_1901,0.00012187309885318661
D_1902,0.0001230613481921154
D_1903,1.133899869527679e-05
D_1904,2.1205464726796888e-06
D_1905,7.195758046484037e-07
D_1906,0.0
D_1907,0.0
D_1908,1.956439744231428e-08
D_1909,1.4460724699814288e-08
D_1910,0.0
D_1911,6.516666058005006e-06
D_1912,0.0
D_1913,0.0
D_1914,4.9465723357013894e-08
D_1915,0.0
D_1916,0.00016918092419915945
D_1917,0.0
D_1929,0.0
D_1930,0.0
D_1931,2.6621821762180316e-06
D_1932,0.0
D_1933,0.0
D_1934,8.74449812041365e-06
D_1935,0.0
D_1936,0.0
D_1937,0.0
D_1938,0.0
D_1939,0.0
D_1940,0.0
D_1941,0.0
D_1942,0.0
D_1944,5.901933993130716e-08
D_1945,8.453940010866843e-07
D_1946,0.0
D_1947,0.0
D_1955,7.351139553342121e-05
D_1956,6.29717685680489e-05
D_1957,5.9077250122595924e-05
D_1958,8.763999010722725e-05
D_1959,6.256713100541805e-05
D_1960,0.0001266173062936862
D_1961,4.1889885050923356e-05
D_1962,0.00026403809120188645
D_1963,0.00012912121708048163
D_1964,9.255344182434201e-05
D_1965,1.2782393256304212e-05
D_1966,3.2962849840222575e-05
D_1967,4.557609511835778e-05
D_1968,0.00023607996004125186
D_1969,0.00010325338982143535
D_1970,3.409624598523734e-05
D_1971,7.913970362756194e-05
D_1972,8.808092373319007e-06
D_1973,1.8555225582024165e-05
D_1974,8.268053051716021e-06
D_1975,2.8275876976657495e-05
D_1976,0.0
D_1977,0.0
D_1989,0.0
D_1990,0.00010930712174559806
D_1991,3.0993209859648505e-05
D_1992,7.692134652402149e-06
D_1993,0.00023722430204959808
D_1994,0.00011500389659738902
D_1995,1.7286732934242662e-05
D_1996,5.679874772322391e-06
D_1997,0.00018487582752122215
D_1998,2.5539183799888124e-06
D_1999,4.658998515065075e-05
D_2000,0.0
D_2001,0.0
D_2002,1.4161480505200176e-05
D_2003,3.609771800168593e-05
D_2004,0.0
D_2005,1.0213867214230503e-05
D_2006,1.4166514824913448e-09
D_2007,2.0372638249836795e-08
D_2008,1.245535085957702e-07
D_2020,0.0
D_2022,0.0
D_2025,0.0
D_2026,0.0
D_2027,0.0
D_2028,1.1903979305554268e-05
D_2043,2.808190796681549e-08
D_2044,0.0
D_2045,4.785058531266542e-07
D_2046,3.692693255227247e-06
D_2047,2.2302368910859872e-05
D_2048,9.094992730245454e-06
D_2049,2.9437320160971373e-06
D_2050,5.606052786274506e-07
D_2051,1.6648953824575358e-06
D_2052,2.2392135856438148e-05
D_2053,1.1459609013956998e-06
D_2054,0.0
D_2055,0.0
D_2070,0.0
D_2071,5.36401166637516e-07
D_2072,1.0840286929266817e-08
D_2073,0.006135415491276621
D_2074,4.3976116079868794e-05
D_2075,5.328384073176322e-05
D_2076,0.00016516713560857832
D_2077,0.00029703707600700353
D_2078,0.00030940898960194385
D_2079,0.0001575619045304208
D_2080,0.00011857932586211376
D_2081,1.3422971940870844e-05
D_2082,3.926355473172861e-09
D_2083,0.0
D_2086,0.0
D_2102,0.0
D_2105,0.0
D_2106,0.0
D_2107,4.335618181815409e-06
D_2108,0.00030576731116544126
D_2109,1.2096134487389821e-08
D_2110,4.838453798302574e-10
D_2111,7.008219575511816e-08
D_2112,5.593093293324496e-09
D_2113,0.0
D_2128,1.7634518610386966e-06
D_2129,4.79339309599051e-06
D_2130,1.012109437345049e-06
D_2131,7.029249752825336e-05
D_2132,0.0004399578563375339
D_2133,0.0012271595944108806
D_2134,0.0004947898570572621
D_2135,0.0008425421160802076
D_2136,0.00028445606970700996
D_2137,0.00039629975186399947
D_2138,0.0019021404088550322
D_2139,0.00016202953699155265
D_2140,4.750788280720529e-05
D_2141,1.9479408167912942e-05
D_2142,5.74486308051571e-06
D_2143,0.0
D_2144,0.0
D_2145,0.0
D_2146,0.0
D_2165,0.0
D_2166,0.00011136486434788238
D_2167,0.006094140320015292
D_2168,0.012247759566595165
D_2169,0.0024762416545640875
D_2170,0.0003338864940636623
D_2171,0.00014418227026331902
D_2172,3.3533159817318666e-05
D_2173,0.0001989610188479935
D_2174,0.00016067683018829913
D_2175,1.4964879869638517e-05
D_2176,6.413087259534628e-05
D_2177,1.0596643794007442e-05
D_2178,0.0
D_2181,0.0
D_2197,0.00021825276714911696
D_2198,0.0
D_2199,1.1811378780436071e-06
D_2200,3.391462236261554e-06
D_2201,1.11193068159626e-06
D_2202,0.0
D_2203,1.0678590684053346e-05
D_2204,0.0
D_2205,6.418648433093835e-06
D_2206,0.0
D_2207,1.7083298696607489e-06
D_2208,0.0
D_2209,0.0
D_2210,0.0
D_2211,0.0
D_2212,0.0
D_2213,0.0
D_2214,0.0
D_2234,1.311024721518366e-06
D_2235,0.0017413102354865962
D_2236,0.0002592941581047896
D_2237,8.349225010310685e-05
D_2238,0.00018585703333903305
D_2239,5.5341394962232086e-05
D_2240,0.001159714811574389
D_2241,2.3962774040017532e-05
D_2242,0.0007647631094166204
D_2243,6.754203246054018e-05
D_2244,0.00021019704690070778
D_2245,1.2979228564080603e-05
D_2246,0.0001801965205035484
D_2247,7.399301772484236e-08
D_2248,0.000152406555262823
D_2249,1.1313906645868053e-06
D_2250,4.230802428011907e-05
D_2251,0.00011794526009187773
D_2252,0.0
D_2253,0.0
D_2254,0.0
D_2277,0.0017813131605973948
D_2278,9.665387585462734e-06
D_2279,1.9911332487438634e-08
D_2280,3.803884853980384e-08
D_2281,2.0294729054322188e-05
D_2282,6.871447355000352e-06
D_2283,1.2052010976877697e-08
D_2284,0.0
D_2285,0.0001909503200812279
D_2286,3.3805144553802366e-06
D_2287,1.1547565072254135e-05
D_2288,0.0
D_2289,0.0
D_2290,9.984981691829828e-06
D_2291,2.1578906601353232e-08
D_2292,0.0
D_2293,0.0
D_2295,0.0
D_2305,0.00012330530017078538
D_2306,0.00044515638464805884
D_2307,0.0018703383072737486
D_2308,0.0006122920000700764
D_2309,0.00037653497115231344
D_2310,0.0016375949326288008
D_2311,0.001287738559665273
D_2312,0.001545618217975821
D_2313,0.0025512718624165756
D_2314,0.0005929365458134038
D_2315,0.0005820358576008329
D_2316,0.0030904403695813177
D_2317,0.0021408512645858355
D_2318,0.0010799441199758398
D_2319,0.0002917250385845803
D_2320,7.673807664528468e-05
D_2321,2.5412480395704743e-05
D_2322,0.00012750632635913248
D_2323,2.494110710478236e-06
D_2324,0.00014629381266212756
D_2325,1.1641280002985804e-08
D_2326,7.857076671833688e-05
D_2327,0.00011896159410195207
D_2328,0.0
D_2329,0.0
D_2330,1.2455350863148282e-07
D_2350,0.0004833567754834277
D_2351,0.0005378295866123718
D_2352,0.00015347108261827086
D_2353,0.0005457428234003176
D_2354,0.0040275356169833096
D_2355,0.0009741956698797723
D_2356,0.0007284941192841392
D_2357,0.00021494132602565657
D_2358,0.0001739794143207484
D_2359,0.0004095791614191391
D_2360,0.0003936721039702174
D_2361,8.273742560435073e-05
D_2362,4.105329484021887e-06
D_2363,7.141623270171099e-06
D_2364,6.505032321534653e-09
D_2365,4.936417559997619e-10
D_2366,1.7801765054429506e-07
D_2367,0.0
D_2368,0.0
D_2369,0.0
D_2392,0.0002878502136295517
D_2393,0.0005326674518897163
D_2394,0.0016124316623302981
D_2395,0.0007110301096323651
D_2396,0.00038651347076743
D_2397,0.0002073199747822099
D_2398,0.0005669654334890765
D_2399,0.0003282573547742889
D_2400,0.0004177470911607225
D_2401,0.0004216624408622823
D_2402,0.00022142878804750675
D_2403,0.00021544509625823384
D_2404,4.6418073216471685e-05
D_2405,1.8408970922368136e-05
D_2406,1.046878686522736e-06
D_2407,2.5524633153707925e-05
D_2408,1.4607631654132564e-05
D_2409,0.00027034665686701117
D_2410,0.000583815262564492
D_2411,0.0
D_2412,0.0
D_2434,5.947609929463846e-06
D_2435,7.570447903577041e-09
D_2436,2.209682980875244e-06
D_2437,0.0002108913138977999
D_2438,2.3307345004553422e-06
D_2439,0.0003906061286471348
D_2440,4.06693402614572e-06
D_2441,1.2611577876474396e-05
D_2442,6.572257443080471e-06
D_2443,5.528986086023146e-05
D_2444,2.3227133237900737e-06
D_2445,1.2814759754082905e-05
D_2446,4.6145399135141734e-06
D_2447,3.096610431503884e-10
D_2448,0.0
D_2449,3.498083717105215e-05
D_2450,0.0
D_2451,0.0
D_2452,0.0
D_2466,0.0006490147956912244
D_2467,0.0021492292249197763
D_2468,0.0011791287319879542
D_2469,0.0010086945458440389
D_2470,0.002566311229405936
D_2471,0.0008215892330112131
D_2472,0.002070337312930228
D_2473,0.0031212271934025885
D_2474,0.0008327207193264925
D_2475,0.0006777805589133378
D_2476,0.0023942807038322108
D_2477,0.003566171021393076
D_2478,0.0009667876819845978
D_2479,0.0009175680645929771
D_2480,0.001528295544236504
D_2481,0.0002824472895990564
D_2482,0.000875426739981724
D_2483,0.002395639640310053
D_2484,5.260582308570578e-05
D_2485,0.0005366196210573215
D_2486,2.8359935983641144e-06
D_2487,5.02935356115845e-05
D_2488,0.0003325706774110655
D_2489,0.00048796030228158524
D_2490,0.0005311507454603874
D_2491,2.0094516762683385e-10
D_2512,0.002253876926747227
D_2513,0.001344306737305524
D_2514,0.0019918666611589758
D_2515,0.0016054836673359187
D_2516,0.00034452160205237104
D_2517,0.003938068790727721
D_2518,0.000527373228178264
D_2519,0.0011118784929088923
D_2520,0.0003973512814328259
D_2521,0.0003154251361812511
D_2522,0.0007966306858325998
D_2523,3.3978986402379244e-05
D_2524,8.747640443560397e-05
D_2525,0.000249207829310309
D_2526,1.7850446851113302e-05
D_2527,1.876730697646912e-08
D_2528,1.0111771100415594e-09
D_2529,1.4553037892756015e-05
D_2530,0.0
D_2531,3.975161755082159e-05
D_2552,1.9545868765385183e-05
D_2553,1.9821583576335195e-06
D_2559,1.1876313381669695e-06
D_2560,0.0
D_2562,0.0
D_2563,8.286437124497806e-07
D_2564,0.0
D_2565,0.0
D_2566,0.0
D_2579,0.00013523432090469938
D_2580,0.00022082151658381157
D_2581,0.00033316605686356955
D_2582,0.00018336504858879892
D_2583,0.0002799640056972483
D_2584,0.00010753163224735673
D_2585,0.00021327014452299204
D_2586,0.00042639516984547307
D_2587,0.00010319180443755645
D_2588,0.0013112770134503554
D_2589,0.0010286545070720063
D_2590,0.00020543073857024518
D_2591,0.001072637069680071
D_2592,0.00047682375064366704
D_2593,0.00039628355338043364
D_2594,3.607553733510158e-05
D_2595,1.5679771988402566e-05
D_2596,8.076365274852007e-06
D_2597,9.567899418712993e-07
D_2598,0.00020324036823121853
D_2599,2.8311746462397766e-06
D_2600,0.0005254431872559821
D_2601,0.00011947908939302678
D_2602,8.995037638513016e-07
D_2603,0.0
D_2604,0.0
D_2615,1.3062182594200945e-05
D_2616,0.000714536107475732
D_2617,0.0002077475314880977
D_2618,7.80237168137068e-06
D_2619,0.0002079511759077236
D_2620,3.154363329499047e-06
D_2621,5.561047508319013e-05
D_2622,0.0003841171300670421
D_2623,1.7303703000639578e-05
D_2624,2.8301411442480244e-06
D_2625,1.6927740414114964e-05
D_2626,1.6592099524838945e-05
D_2627,3.8938869595191735e-06
D_2628,4.203307458219302e-05
D_2629,1.2413282197466957e-08
D_2630,1.9999074605718104e-05
D_2631,1.2154195936935896e-08
D_2632,0.0
D_2633,0.0
D_2647,0.0022351543661094852
D_2648,0.0014779075977634465
D_2649,0.0012561089133831572
D_2650,0.0013152189867598185
D_2651,0.0010372910759952384
D_2652,0.0015905654730980605
D_2653,0.0034822481534136475
D_2654,0.0014795243069194663
D_2655,0.0022481229441030704
D_2656,0.0017753361436609316
D_2657,0.0011295812003371479
D_2658,0.0016358810996211334
D_2659,0.0014306408482228435
D_2660,0.0011980282280202204
D_2661,0.0010664899207404896
D_2662,0.0007106752961744523
D_2663,0.0011605712971681848
D_2664,0.0002588862919463812
D_2665,0.00025791190812444846
D_2666,0.0007688702943520496
D_2667,0.0003686071959976929
D_2668,3.974655487478122e-06
D_2669,0.00033067407888154326
D_2670,9.126364901139514e-06
D_2671,2.285011420120922e-05
D_2672,0.0
D_2673,0.0
D_2693,0.0008645442187068773
D_2694,0.0015569147077903309
D_2695,0.0008898604158775164
D_2696,0.0014136975852288992
D_2697,0.0009618033852413065
D_2698,0.0015032096254213561
D_2699,0.002092460343518547
D_2700,0.0009157520562359494
D_2701,0.0012697909863041096
D_2702,0.0016990465463188823
D_2703,0.0015402862787299118
D_2704,0.000621121879382913
D_2705,0.0003219121264031029
D_2706,0.0009917461034378559
D_2707,0.0014024197144629792
D_2708,0.0006590866587596366
D_2709,0.00011813388956241874
D_2710,3.145261378417415e-05
D_2711,9.360741041657259e-06
D_2712,2.121219559132896e-07
D_2713,0.00019503606648098453
D_2714,0.00011066626799498841
D_2715,0.0
D_2716,3.4593212339685147e-06
D_2717,0.0
D_2738,0.0036493334508436574
D_2739,0.016980518306652752
D_2740,0.04972279923799584
D_2741,0.02714710309514286
D_2742,0.000786410442800973
D_2743,0.00034462717262974017
D_2744,0.00048459789150242047
D_2745,0.0006732534961273782
D_2746,0.003898367789602116
D_2747,0.00037619692906342594
D_2748,7.636304511190222e-05
D_2749,7.704772389104453e-05
D_2750,0.0001653216323494574
D_2751,5.831182656517489e-07
D_2752,3.5738032688235794e-06
D_2753,2.474901343300156e-05
D_2754,0.0
D_2755,7.944118944697239e-06
D_2756,0.0
D_2784,0.0
D_2789,0.0
D_2791,0.0
D_2793,0.0
D_2794,6.1734722265894436e-06
D_2795,0.0
D_2796,0.0
D_2797,8.924295070045022e-08
D_2798,5.2604943999634685e-09
D_2799,0.0
D_2805,0.0
D_2807,7.569269384364543e-05
D_2808,3.7344346399563093e-06
D_2809,2.7117169085402577e-06
D_2810,4.822263873935981e-05
D_2811,5.330353274044286e-05
D_2812,2.3803664675928453e-06
D_2813,8.854228226058599e-05
D_2814,1.80287930102099e-05
D_2815,2.883890804430195e-05
D_2816,4.02292525090178e-05
D_2817,0.00021794083466196364
D_2818,0.0003288889071792219
D_2819,0.00014231141031837742
D_2820,0.0010225231866041748
D_2821,9.43818771789151e-05
D_2822,0.00010311938010811123
D_2823,8.818027601926271e-06
D_2824,1.2465999224816069e-05
D_2825,7.225713446360487e-07
D_2826,7.120372153429012e-09
D_2827,7.466853941076342e-06
D_2828,1.35028020401482e-06
D_2829,0.0
D_2830,0.0
D_2837,0.0
D_2840,0.0
D_2846,0.0
D_2847,0.0
D_2849,0.0
D_2850,0.0
D_2851,0.0
D_2853,0.0
D_2858,0.0
D_2859,8.90999331171094e-07
D_2877,3.9774240617734074e-08
D_2878,8.121317907871642e-05
D_2879,0.00019126612949943211
D_2880,0.00016481502074565328
D_2881,0.000786221718619433
D_2882,0.00018957557485071568
D_2883,0.00032581786893604904
D_2884,0.00036069014423901254
D_2885,0.00015190269383005573
D_2886,0.00021760905845783044
D_2887,0.00024178326259605498
D_2888,0.00015958345405368265
D_2889,0.0006754049320892896
D_2890,0.01004144520821704
D_2891,0.00013151654389719885
D_2892,9.898303408306815e-05
D_2893,7.303255430619373e-05
D_2894,3.678525616628291e-06
D_2895,1.3951777638403475e-05
D_2896,0.0
D_2897,1.0200437020290015e-05
D_2898,2.398273140829261e-05
D_2899,7.069133908420282e-05
D_2900,0.0
D_2901,1.7304349705330699e-07
D_2902,0.0
D_2910,0.0007261504409653119
D_2911,0.0005711317424078981
D_2912,0.00013122012819194527
D_2913,7.810492554457022e-07
D_2914,1.9148160980547394e-05
D_2915,1.8664495214661686e-06
D_2916,4.314097127564874e-05
D_2917,4.632590143690206e-06
D_2918,0.00011871292494154402
D_2919,4.679815075029643e-06
D_2920,3.2118875388896455e-05
D_2921,0.00013375321250865045
D_2922,9.725676327977886e-05
D_2923,0.00021601260549773075
D_2924,8.095457277264265e-05
D_2925,8.520855518096521e-05
D_2926,1.8135745895386453e-05
D_2927,1.4106477521636138e-05
D_2928,3.3308768800755106e-06
D_2929,8.166088049856456e-05
D_2930,5.261566468285448e-06
D_2931,1.9361966895143793e-06
D_2932,1.2633334473415091e-05
D_2933,1.54068076734782e-07
D_2934,0.0
D_2935,0.0
D_2943,0.0
D_2944,0.0
D_2945,0.0
D_2947,0.0
D_2948,0.0
D_2949,0.0
D_2951,0.0
D_2954,0.0
D_2955,0.0
D_2956,0.0
D_2958,0.0
D_2959,0.0
D_2963,1.8414000280230036e-08
D_2964,1.2464468658234896e-06
D_2967,0.00012148692230672594
D_2968,9.839947318661187e-05
D_2969,1.3173888387681113e-05
D_2970,3.3163684776395997e-06
D_2971,6.680627926981822e-05
D_2972,4.4154235058817725e-05
D_2973,2.8665311269905404e-05
D_2974,0.00034969819615242645
D_2975,3.5069064958301175e-05
D_2976,0.00011238742584750742
D_2977,0.0018446619288408357
D_2978,0.0004308817294119442
D_2979,0.0002175576947061613
D_2980,9.285019143529762e-05
D_2981,0.00017282878674854265
D_2982,1.929469718485911e-05
D_2983,6.826427666252534e-05
D_2984,2.68339051393527e-05
D_2985,2.819296542008315e-07
D_2986,1.856513287504514e-07
D_2987,4.308498892602044e-06
D_2988,5.2078127296674915e-05
D_2989,0.0
D_2990,0.0
D_2991,0.0
D_2999,0.0002354916678558974
D_3000,0.0005185895666301603
D_3001,0.00014254979314236348
D_3002,0.0009262428231094266
D_3003,0.0005532763760496186
D_3004,0.0002476907547898895
D_3005,0.000202641631855501
D_3006,0.00020034495318491102
D_3007,0.00021977392169862894
D_3008,3.19578093266198e-05
D_3009,0.0004217643950840613
D_3010,7.319034522243282e-05
D_3011,0.000253550721429938
D_3012,0.0008532425952885155
D_3013,0.0005940187822898832
D_3014,0.00025426517566648
D_3015,4.3058815361063375e-05
D_3016,5.383277425404904e-05
D_3017,0.00021860106492940665
D_3018,2.9201915538791085e-05
D_3019,2.034314672666523e-06
D_3020,9.120227088946533e-05
D_3021,2.2333520118321474e-05
D_3022,1.1824080299175746e-05
D_3023,3.429137546510336e-05
D_3032,0.0002160244401663312
D_3033,0.0002030195602227104
D_3034,4.309159616858867e-06
D_3035,0.0
D_3036,4.357943719884423e-05
D_3037,8.120574126185955e-08
D_3038,8.716623850086828e-07
D_3039,0.0
D_3040,7.694003177786836e-05
D_3041,3.777514283736281e-08
D_3042,2.584157520537478e-06
D_3043,3.200749050902436e-05
D_3044,9.443639942865018e-05
D_3045,2.0117650805533963e-05
D_3046,1.2937369081715804e-05
D_3047,3.2311156214295767e-06
D_3048,7.942748490020604e-06
D_3049,5.6164373466435735e-08
D_3050,0.0
D_3051,0.0
D_3052,1.126162903622631e-06
D_3053,9.173941757450696e-07
D_3054,2.0372638246916745e-08
D_3055,0.0
D_3063,9.407203421711073e-05
D_3064,3.092794110160476e-05
D_3065,4.43041684860933e-06
D_3066,0.0
D_3067,0.0
D_3068,0.0
D_3069,0.0
D_3070,7.06743985712864e-08
D_3073,0.0
D_3074,7.472600851999927e-06
D_3075,9.663558860590186e-06
D_3076,0.0
D_3077,1.3008344314565955e-07
D_3078,0.0
D_3081,0.0
D_3084,0.0
D_3085,5.703461815222918e-08
D_3087,0.00014522551977289496
D_3088,6.622907758553163e-05
D_3089,2.810232799319165e-05
D_3090,0.00012570535266208258
D_3091,0.0
D_3093,0.0
D_3094,0.0
D_3095,3.501617685215818e-07
D_3096,2.624970696417018e-07
D_3097,0.0
D_3098,7.158588250815433e-06
D_3099,5.679999757952032e-06
D_3100,3.476542253916513e-05
D_3101,9.672123338998413e-06
D_3102,1.1028959308331323e-05
D_3103,5.524200125669288e-10
D_3104,0.0
D_3105,0.0
D_3106,0.0
D_3107,0.0
D_3108,6.16333551210232e-07
D_3109,0.0
D_3110,0.0
D_3111,1.1781137134403383e-10
D_3298,0.0
D_3302,0.0
D_3317,0.0
D_3318,0.0
D_3319,7.964532995765878e-08
D_3320,0.0
D_3321,0.0
D_3322,0.0
D_3323,0.0
D_3324,0.0
D_3325,3.541817575198832e-05
D_3326,0.0
D_3328,0.0
D_3330,0.0
D_3331,3.0456016431505006e-06
D_3332,6.9559715567611435e-06
D_3333,8.362182968751526e-05
D_3334,7.279649263767287e-07
D_3335,0.0
D_3336,0.0
D_3362,0.0
D_3363,0.0
D_3373,2.9325294718787055e-05
D_3374,0.0
D_3375,3.211510526334619e-06
D_3376,0.0
D_3377,0.0
D_3378,0.00012151958341995715
D_3379,0.0
D_3380,2.8062286247190142e-05
D_3381,1.293259654875589e-05
D_3382,0.0
D_3383,5.233962991632737e-06
D_3384,7.453783424082119e-08
D_3385,9.556878895042362e-07
D_3386,0.0
D_3387,0.0
D_3388,1.1410375455971899e-06
D_3389,4.592887893498437e-06
D_3390,7.932013807957071e-07
D_3391,1.420257825220093e-07
D_3392,0.0
D_3393,0.0
D_3406,7.068682322035929e-09
D_3407,0.00010133624111209288
D_3408,7.910712267740643e-07
D_3409,1.5972679345366001e-06
D_3410,0.00010838361475542209
D_3411,0.0
D_3412,4.322411790366755e-07
D_3413,0.0
D_3414,2.624390242879051e-06
D_3415,0.0
D_3416,0.0
D_3417,0.00016320047508080966
D_3418,0.0
D_3419,0.0
D_3420,0.0
D_3421,0.00019204026471217187
D_3422,1.756483761064279e-06
D_3423,1.3998419392511778e-05
D_3424,2.5279995600525028e-06
D_3425,2.0094516762106723e-10
D_3426,0.0
D_3427,0.0
D_3445,0.0
D_3446,0.0
D_3452,0.0
D_3455,3.8368404975036096e-08
D_3456,0.0
D_3461,4.75669833823726e-08
D_3462,1.1540049792494514e-05
D_3463,0.0
D_3464,0.0
D_3465,0.0
D_3466,0.0
D_3467,3.1814807314205195e-07
D_3468,9.113518028010902e-07
D_3469,0.0
D_3470,3.158608276724844e-05
D_3471,1.3568665373956046e-05
D_3472,4.229008898553791e-05
D_3473,0.0
D_3474,2.210124506373391e-05
D_3475,0.0
D_3476,0.0
D_3477,8.81591060341225e-06
D_3478,2.78694938515739e-09
D_3479,0.0
D_3480,0.0
D_3489,0.00015349569876941187
D_3490,6.741180698959901e-10
D_3491,0.0003284432969509754
D_3492,1.0509905985525265e-05
D_3493,6.067731024193643e-06
D_3494,2.4153879927833214e-08
D_3495,5.9257081256592976e-08
D_3496,0.0
D_3497,8.884649783572905e-06
D_3498,2.0381729654709215e-05
D_3499,1.4708011614607858e-05
D_3500,0.0
D_3501,1.6745272779091137e-06
D_3502,0.0
D_3503,8.467122278328414e-06
D_3504,0.0
D_3505,0.0001313631442369153
D_3506,1.255443562024767e-06
D_3507,0.0
D_3508,1.984936843676219e-08
D_3511,0.0
D_3523,0.0
D_3529,9.184699457019233e-10
D_3530,0.0
D_3532,0.0
D_3535,2.754626204562061e-06
D_3536,0.0
D_3538,0.0
D_3539,1.4330620063242153e-06
D_3540,0.0
D_3541,0.0
D_3553,0.0001956774858180091
D_3556,0.0
D_3558,0.0
D_3560,0.0
D_3561,0.0
D_3563,7.068682322635355e-09
D_3565,0.0
D_3567,0.0
D_3568,1.1629498878159098e-07
D_3572,0.0
D_3575,0.0
D_3576,0.0
D_3577,0.0
D_3578,0.0
D_3579,0.0
D_3580,0.0
D_3581,0.0
D_3582,0.0
D_3583,0.0
D_3585,0.0
D_3586,0.0
D_3587,1.0830255591611633e-05
D_3588,0.0
D_3589,2.936388117547392e-07
D_3590,0.0001310223029592377
D_3593,0.0
D_3623,3.67022442633788e-05
D_3625,0.0
D_3629,0.0
D_3637,6.664457289165892e-06
D_3638,0.0
D_3648,4.2958351739152335e-05
D_3649,0.0
D_3650,0.0
D_3651,2.9481968601036066e-05
D_3652,5.215209146025887e-06
D_3653,0.00011830977288580704
D_3654,0.0
D_3655,5.539695375925882e-07
D_3656,0.0
D_3657,1.9752622068634715e-05
D_3658,5.5813279192813365e-06
D_3659,1.0502697940592394e-06
D_3660,1.805176137462302e-07
D_3661,0.0
D_3662,0.0
D_3671,2.6175892019827052e-05
D_3672,1.949747146975485e-07
D_3674,0.0
D_3675,3.7194319797764315e-06
D_3678,1.7395466321386242e-05
D_3679,1.7176439302159852e-07
D_3680,8.570190345198988e-05
D_3681,3.04884712518267e-07
D_3682,0.00017310825056668545
D_3683,1.2525764933091774e-05
D_3684,0.00016011250223053322
D_3685,0.0006264091341202274
D_3686,0.0
D_3687,0.0
D_3688,0.0
D_3689,0.0
D_3690,0.0
D_3691,0.0
D_3692,0.0
D_3710,2.233389454894889e-06
D_3711,5.058357023810849e-06
D_3712,0.0007840745440046568
D_3713,2.6167638855765254e-05
D_3714,0.0
D_3715,4.9967536707691805e-06
D_3716,0.0003157842418512114
D_3717,1.3903790592612334e-05
D_3718,2.7376720883428108e-06
D_3719,4.239680205642251e-09
D_3720,1.9353815171674144e-09
D_3721,1.9456744965238286e-05
D_3722,6.286656617989685e-06
D_3746,0.0
D_3751,1.2883353915281448e-07
D_3752,1.031432689310393e-05
D_3753,1.836245314592063e-05
D_3754,2.3302525598705894e-05
D_3755,2.1838741058625526e-05
D_3756,0.0
D_3757,1.7954790806184748e-06
D_3758,1.0706600382008939e-05
D_3759,3.139509971522303e-05
D_3761,3.504928141650741e-08
D_3762,0.0
D_3763,0.0
D_3776,2.5940898532452887e-06
D_3778,8.73922929873048e-06
D_3779,2.1848167151245617e-06
D_3780,0.0
D_3781,0.0
D_3782,1.135288187580387e-05
D_3783,0.0
D_3784,2.392103920442199e-08
D_3785,0.0
D_3786,0.00011114293609321328
D_3787,9.261076141226593e-07
D_3788,1.8166096845435197e-05
D_3789,0.0
D_3790,9.909535669478518e-08
D_3791,1.2420872391220962e-07
D_3792,0.0
D_3793,0.0
D_3806,2.3360087178906894e-06
D_3810,0.0
D_3811,1.0625861791229364e-06
D_3812,0.0
D_3813,0.0
D_3814,0.0
D_3816,0.0
D_3818,0.0
D_3820,1.5337326084302188e-05
D_3825,0.0
D_3831,0.0
D_3832,1.888164659832588e-06
D_3833,4.766892467683902e-08
D_3834,0.0
D_3843,0.0
D_3844,5.323882446143255e-06
D_3845,9.399885366729473e-07
D_3847,0.0
D_3848,0.0
D_3849,1.426120605795092e-07
D_3850,6.116761343288062e-09
D_3851,8.320563948018633e-07
D_3852,6.166077727858151e-08
D_3854,2.3110127880227137e-08
D_3855,0.0
D_3873,0.0
D_3874,0.0
D_3899,0.0
D_3900,0.0001628577909161009
D_3901,0.0
D_3902,0.0
D_3915,0.0
D_3916,1.0332555910766421e-07
D_3917,0.0
D_3918,3.5327163997140292e-06
D_3919,0.0
D_3920,0.0
D_3921,0.0
D_3922,2.7940889060972114e-05
D_3923,0.0
D_3924,0.0
D_3925,0.0
D_3926,0.0
D_3927,0.0
D_3928,4.3780194472740447e-05
D_3929,1.4058456874080648e-05
D_3959,3.9570935673442484e-06
D_3960,3.4406782537125e-09
D_3961,3.440678255159404e-09
D_3962,0.0
D_3963,4.670469130455202e-06
D_3964,2.867231881215974e-10
D_3965,0.0
D_3966,0.0
D_3967,2.851260442906984e-06
D_3968,2.8911255306270502e-11
D_3969,3.822975839066097e-10
D_3970,0.0
D_3971,0.0
D_3972,0.0
D_3973,0.0
D_3974,0.0
D_3975,8.716623852014004e-09
D_3976,0.0
D_3983,0.0
D_3984,0.0007094432031838499
D_3985,2.8911259381128152e-11
D_3986,0.0018009191529640505
D_3987,0.0
D_3988,0.0
D_3989,5.381507511433789e-08
D_3990,4.635000163489306e-06
D_3991,2.1813262407723683e-05
D_3992,5.790946553978875e-06
D_3993,2.8197325980945833e-06
D_3994,2.89137246548044e-05
D_3995,9.986295449360844e-07
D_3996,0.0
D_3997,7.89580505148424e-07
D_3998,3.041685497771028e-05
D_3999,4.301665545779221e-06
D_4000,0.0
D_4003,0.0
D_4004,0.0
D_4010,4.3495987233767594e-08
D_4012,0.0
D_4015,0.0
D_4022,0.0
D_4024,0.0
D_4032,1.3366746364618742e-07
D_4034,0.0
D_4035,0.0
D_4039,0.0
D_4041,2.5162451989408257e-05
D_4042,3.153395955986357e-07
D_4043,0.0
D_4044,0.0
D_4046,0.0
D_4047,2.2253506409779825e-05
D_4048,0.0
D_4049,0.0
D_4050,0.0
D_4055,0.0006038887214938192
D_4056,0.0
D_4057,0.007038153519141566
D_4058,0.0
D_4059,0.0012698758658667426
D_4060,0.0003580308801452872
D_4061,2.3459339935395063e-05
D_4062,4.950545597960308e-07
D_4063,0.0
D_4064,3.1382627881262207e-07
D_4065,6.131510527489966e-05
D_4066,1.4380561892388525e-07
D_4067,0.00011149119082832578
D_4068,0.00012968543267571886
D_4069,3.7426156907945583e-06
D_4070,4.886002060052237e-09
D_4071,0.0
D_4072,1.1860744309353339e-07
D_4074,0.0
D_4077,0.0
D_4081,0.0
D_4082,5.404800906029544e-07
D_4083,0.0
D_4084,0.0
D_4087,0.0
D_4090,0.0
D_4094,0.0
D_4105,0.0
D_4106,0.0002365344036684037
D_4109,1.7368554746930694e-05
D_4115,2.8672318528487784e-10
D_4116,0.0
D_4119,0.0
D_4129,0.0
D_4131,0.0
D_4132,0.0
D_4133,0.0
D_4135,0.0
D_4138,0.0
D_4139,0.0
D_4140,0.0
D_4142,0.0
D_4143,0.0
D_4148,0.0
D_4167,0.0
D_4168,0.0
D_4174,0.0
D_4178,0.0
D_4190,0.0
D_4193,0.0
D_4196,0.0
D_4203,9.125538904334993e-08
D_4205,9.468797528513458e-07
D_4223,0.0
D_4224,0.0
D_4225,0.0008114357318256214
D_4226,0.0
D_4227,0.0
D_4228,0.0
D_4229,1.111944779293657e-05
D_4230,5.0999453454637134e-08
D_4231,0.00015631053428270797
D_4232,0.0
D_4235,0.0
D_4240,0.0
D_4242,0.00023798927913778757
D_4243,0.0004398301922762814
D_4244,0.00017997406088205258
D_4245,0.00024241505283533675
D_4246,0.00016770217285288564
D_4247,0.00018067568361399746
D_4248,0.00018117509011941128
D_4249,0.00013564776776629154
D_4250,6.793378763946163e-06
D_4251,0.00021327860066796246
D_4252,2.187013955739587e-05
D_4253,0.00019152621624366734
D_4254,3.094196094548183e-05
D_4255,6.482967914614573e-06
D_4256,8.168322935265008e-06
D_4257,5.145599814833397e-05
D_4258,0.0
D_4259,0.0
D_4260,0.0
D_4282,0.0
D_4283,0.0
D_4284,0.0
D_4287,0.0
D_4288,1.4688118084806729e-06
D_4289,0.0
D_4293,4.72028865799734e-06
D_4294,0.0
D_4295,1.388391663944199e-06
D_4318,2.607418493495584e-05
D_4319,0.00032706323333914157
D_4320,0.0005788349056326474
D_4321,0.0006070377525399063
D_4322,0.00026016789475025203
D_4323,0.0006501355542463164
D_4324,0.0007533351089292299
D_4325,0.00019375461236098131
D_4326,0.0010229140916894475
D_4327,0.0002959331668185193
D_4328,0.00015155540935491468
D_4329,8.572065287785722e-05
D_4330,5.106597841142258e-05
D_4331,1.720148162452495e-05
D_4332,0.0001315127249586964
D_4333,5.326669932973419e-05
D_4334,1.7949533266835787e-06
D_4335,4.70297709054593e-09
D_4336,0.0
D_4359,7.70864847761604e-08
D_4360,0.00024025425985776155
D_4361,0.00023203302042003053
D_4362,2.0539602962933337e-05
D_4363,8.782339827259641e-05
D_4364,0.00019491127989054144
D_4365,6.36261569099672e-05
D_4366,5.169970441024805e-05
D_4367,0.00036972746227077876
D_4368,5.4677900391158955e-05
D_4369,0.0003338988135917861
D_4370,0.00016565008486257082
D_4371,0.000280404210817021
D_4372,1.8894919097847186e-05
D_4373,2.101298093449455e-05
D_4374,4.4833437284578714e-05
D_4375,2.9061712772618167e-06
D_4376,3.3766144208416985e-05
D_4377,1.369970795506458e-05
D_4378,0.0
D_4379,0.0012969581677525252
D_4380,0.0
D_4381,0.0
D_4382,1.728087821143198e-07
D_4403,0.0
D_4404,0.0
D_4405,1.2732898903627021e-09
D_4406,0.0
D_4407,0.0
D_4408,0.0
D_4409,6.824250805289665e-07
D_4411,2.1341593456614005e-05
D_4412,0.0
D_4413,0.0
D_4414,7.987554840015603e-06
D_4415,0.0
D_4416,0.0
D_4425,0.001284124878501157
D_4426,0.0005417669809184456
D_4427,0.0004153935384283802
D_4428,0.0001764522842665459
D_4429,0.0032712353194793787
D_4430,0.00014368827784046488
D_4431,0.001016225061476587
D_4432,0.00013152620726668412
D_4433,5.248591258413578e-05
D_4434,9.742745236086316e-05
D_4435,7.533978735183352e-06
D_4436,3.692179952877959e-05
D_4437,5.7579525863015444e-05
D_4438,1.2182579216310426e-05
D_4439,0.00011428889335104726
D_4440,0.0
D_4441,8.110582476329397e-06
D_4442,0.0010522962206042093
D_4443,2.4113420104253475e-07
D_4444,0.0
D_4445,0.0
D_4465,0.0005623481716546733
D_4466,0.0001437216744160714
D_4467,0.00036500544061554736
D_4468,0.00010182828957431186
D_4469,0.00015145855370078372
D_4470,0.0007784518532593567
D_4471,0.00020788887191217358
D_4472,0.0001969867113398571
D_4473,0.0006233712660536891
D_4474,0.0014115940412410177
D_4475,0.00024590597280052106
D_4476,5.938671723763705e-06
D_4477,0.0003206315847893989
D_4478,0.00022441822901189302
D_4479,1.1688739375767904e-05
D_4480,1.288720695254208e-07
D_4481,3.9398682627965596e-06
D_4482,5.615005723694397e-07
D_4483,7.217405649694734e-07
D_4484,0.0
D_4485,0.0
D_4486,0.00020528067516264849
D_4487,0.0
D_4488,0.0
D_4489,1.245535086302947e-07
D_4507,8.036718171711125e-05
D_4508,7.817869202502532e-06
D_4509,3.372271689561795e-05
D_4510,3.8130486420148574e-05
D_4511,9.557439641935502e-11
D_4512,2.1090057094828444e-05
D_4513,4.954825181419833e-07
D_4514,8.48685161077097e-05
D_4515,2.724042718085521e-06
D_4516,6.261973896127539e-07
D_4517,9.210654272526034e-07
D_4518,3.125174351214058e-06
D_4519,1.9195551950243848e-07
D_4520,1.289756774265767e-06
D_4521,0.0
D_4522,0.0
D_4523,2.5075615335366385e-08
D_4524,0.0
D_4540,0.0
D_4541,0.0
D_4542,5.7928167443629456e-05
D_4543,1.6419048201576604e-06
D_4544,0.0
D_4545,0.0
D_4546,6.125615094491981e-06
D_4547,2.720259962143408e-07
D_4548,8.553991984563123e-05
D_4549,0.0
D_4550,1.8128130149301492e-05
D_4551,4.6143736493646883e-07
D_4552,1.4460502487180135e-06
D_4553,0.0
D_4554,5.046455544071038e-08
D_4555,0.0
D_4566,1.2163181913923363e-06
D_4567,5.094973849962554e-05
D_4568,0.0002009059754881597
D_4569,0.0006746824674895102
D_4570,5.508987833740007e-07
D_4571,0.00010824746149889278
D_4572,8.142523443364638e-06
D_4573,4.031401408021992e-05
D_4574,1.7688644779025673e-06
D_4575,6.07136194220227e-05
D_4576,8.573788712351901e-07
D_4577,1.1444404718917706e-06
D_4578,5.941738358928155e-05
D_4579,1.7148989196069355e-05
D_4580,4.750286414018622e-09
D_4581,2.6738783236756533e-05
D_4582,0.0
D_4583,4.101204614141673e-06
D_4584,0.0
D_4586,1.6652882741639595e-08
D_4587,1.6669400964599775e-05
D_4588,0.0
D_4589,0.0
D_4611,0.0
D_4612,7.753972243022115e-05
D_4613,2.963602728670935e-08
D_4614,0.0001212275818067977
D_4615,0.0
D_4617,0.0
D_4618,0.0
D_4619,5.923459499195146e-07
D_4620,0.0
D_4621,0.0
D_4622,0.0
D_4623,0.0
D_4624,4.772094702591086e-08
D_4625,6.581760091958412e-06
D_4627,0.0
D_4628,0.0
D_4629,0.0
D_4630,1.2455350857791322e-07
D_4637,1.1380043325711895e-06
D_4642,0.0
D_4643,0.0
D_4645,0.0
D_4646,1.3585139774609718e-06
D_4647,2.750194459757097e-06
D_4648,0.0
D_4649,0.0
D_4662,0.0
D_4663,0.0
D_4664,0.0
D_4665,0.0
D_4666,0.0
D_4667,9.1255389009338e-08
D_4668,4.790800401131364e-07
D_4670,0.00019676994725044867
D_4671,0.0
D_4672,0.0
D_4673,0.0
D_4675,0.0
D_4682,0.00010080731351642484
D_4683,1.9256020540095612e-05
D_4684,2.717292082841362e-06
D_4685,2.7470204294607706e-05
D_4686,1.1355193987590182e-08
D_4687,1.4778594781422605e-06
D_4688,3.371461390442455e-06
D_4689,0.0
D_4690,1.3611516410787653e-05
D_4691,1.2455350854441746e-07
D_4692,1.154074769535874e-06
D_4693,3.183105258081163e-08
D_4694,0.0
D_4695,3.151244895504147e-06
D_4696,1.8889403269331507e-08
D_4697,0.0
D_4698,0.0
D_4729,0.0
D_4730,4.808419540040244e-08
D_4731,0.0
D_4733,0.0
D_4734,5.241960906210579e-07
D_4735,0.0
D_4736,0.0
D_4737,0.00017383237953113098
D_4738,0.0
D_4739,6.077793981923119e-05
D_4742,0.0
D_4743,0.0
D_4750,0.0001390435574692757
D_4751,0.0003820191770834577
D_4752,6.348165956948301e-05
D_4753,0.0005258651171256253
D_4754,0.00016956864981107212
D_4755,0.00016214318536367762
D_4756,0.000208132228764704
D_4757,0.00021760735540453288
D_4758,0.0003852256724992368
D_4759,2.7324758574637822e-05
D_4760,5.256250897052216e-07
D_4761,1.1329814517638468e-05
D_4762,5.199591612308029e-05
D_4763,0.00017067209584253372
D_4764,0.00011308505493920228
D_4765,2.5116739527199113e-05
D_4766,3.049271369367483e-06
D_4767,1.9757019677702198e-07
D_4768,0.0
D_4770,0.0
D_4782,8.900882524029333e-07
D_4783,0.0
D_4786,0.0
D_4787,1.6639221994552665e-05
D_4789,0.0
D_4790,0.0
D_4794,0.0
D_4795,0.0
D_4819,0.000438077340980328
D_4820,0.00032406872977856115
D_4821,0.0002797116516603267
D_4822,0.0003903254230487572
D_4823,0.00033762261895752975
D_4824,0.00031144528540907776
D_4825,0.0003994461291602131
D_4826,0.0003692400829046773
D_4827,8.346121242292242e-05
D_4828,6.93880797425326e-05
D_4829,0.00010397744213443807
D_4830,0.0009353942372660042
D_4831,0.0002798979824033383
D_4832,0.00039276226418056794
D_4833,0.00026504604290921043
D_4834,3.570676679729611e-06
D_4835,0.0
D_4836,0.0
D_4837,0.0
D_4849,0.0008146361886591829
D_4850,0.00022997794651730613
D_4851,0.0004898090359482779
D_4852,4.923834541953021e-05
D_4853,0.00013224432169917425
D_4854,0.0003808266433927969
D_4855,0.00035331811001395414
D_4856,0.004914111311269634
D_4857,1.5202137060476876e-05
D_4858,0.0002853714331660436
D_4859,1.445287350503377e-05
D_4860,3.260791300723727e-05
D_4861,0.00023502144349823081
D_4862,9.046965566293838e-05
D_4863,0.00015884667374297057
D_4864,0.0002533106452797575
D_4865,1.3277106259017114e-05
D_4866,1.0977132884947881e-05
D_4867,7.078169041044466e-07
D_4868,8.788654569052045e-06
D_4869,7.064161621277017e-05
D_4870,5.3678777363233825e-05
D_4871,6.413897398954293e-06
D_4872,0.0
D_4881,0.0
D_4882,0.0
D_4884,0.0
D_4885,0.0
D_4886,0.0002353801481978056
D_4887,0.0
D_4888,0.0
D_4889,5.055885545931327e-10
D_4890,2.750306163192932e-07
D_4891,8.900126689116245e-09
D_4892,2.940788634198386e-05
D_4894,6.649939152550509e-06
D_4895,1.8784616551914405e-07
D_4896,0.0
D_4903,3.956884636095814e-05
D_4904,9.299090973300569e-05
D_4905,2.2042196046219647e-05
D_4906,8.78457774473286e-05
D_4907,0.00012081902770648561
D_4908,0.00022822388355113807
D_4909,8.695568601178637e-05
D_4910,0.0003516526536721263
D_4911,8.378819006280103e-05
D_4912,6.7157230170853605e-06
D_4913,1.0109855243353385e-05
D_4914,0.0002753291235133438
D_4915,5.100770746153012e-05
D_4916,0.00022395136308122682
D_4917,3.469477606663517e-05
D_4918,0.0
D_4919,3.560567613869133e-08
D_4920,5.770103449299085e-07
D_4921,0.0
D_4922,8.23787632306342e-05
D_4923,0.0
D_4933,0.0011825787262054054
D_4934,0.00025285638182733557
D_4935,0.0003524731086905574
D_4936,4.798329550995411e-05
D_4937,0.0011809295650922456
D_4938,0.0043595471566910005
D_4939,0.0014515504626788317
D_4940,0.0003551970634162996
D_4941,0.00013666729513050558
D_4942,0.000273460344856201
D_4943,0.0001246061377792145
D_4944,0.00025344014615297304
D_4945,0.00021487799559283694
D_4946,0.00024087368563434868
D_4947,0.0011829948381179775
D_4948,1.5060589263166465e-05
D_4949,5.073079139759787e-07
D_4950,1.3737167413352904e-05
D_4951,1.7801765053136023e-07
D_4952,0.0
D_4953,2.0094516776894867e-10
D_4954,1.3077283710593607e-07
D_4955,3.731479283214752e-09
D_4956,0.0
D_4957,0.0
D_4964,2.2532651462431236e-07
D_4965,0.00011970424841054812
D_4966,5.896963681653516e-06
D_4967,2.1618083978871297e-05
D_4968,6.56383905063357e-05
D_4969,2.732821531308386e-05
D_4970,0.00035866185447116686
D_4971,2.512672015422469e-06
D_4972,4.719428633002061e-07
D_4973,1.0407021908972736e-06
D_4974,8.384973866985365e-05
D_4975,5.695708367529263e-06
D_4976,3.819869670774076e-09
D_4977,1.2082601208315734e-05
D_4978,4.945624555450647e-06
D_4979,1.624114825338042e-07
D_4980,0.0
D_4983,0.0
D_4984,0.0
D_4992,3.358039680003648e-05
D_4993,4.2955275091199635e-08
D_4994,0.0
D_4995,0.0
D_4996,0.0
D_4997,0.0
D_4998,0.0002714046679522031
D_4999,3.7040023155691135e-06
D_5000,0.0
D_5001,4.187148379450744e-05
D_5002,1.3723949633127817e-05
D_5003,2.7016737827144305e-05
D_5004,1.788681207232596e-05
D_5005,4.703336062436666e-05
D_5006,7.429313561987786e-05
D_5007,1.1732020570532879e-05
D_5008,1.743639007445784e-07
D_5009,1.6152072928197333e-08
D_5018,0.0
D_5019,7.600985489957378e-05
D_5020,3.604551309748269e-07
D_5021,0.0
D_5022,1.7985598109807895e-05
D_5023,1.9823160658700275e-05
D_5024,0.0002353446935537187
D_5025,0.0006040547958861837
D_5026,0.0
D_5027,0.00015199654689310784
D_5028,2.1580114001315048e-05
D_5029,2.1556090595485378e-06
D_5030,8.631231004684688e-05
D_5031,0.00012465690120514584
D_5032,0.00033273851833848727
D_5033,3.479427004035538e-05
D_5034,9.18366326849005e-07
D_5035,5.148518520017251e-06
D_5036,1.2613349104150875e-05
D_5037,0.0
D_5038,0.0
D_5039,2.7401954274800954e-06
D_5040,0.0
D_5041,1.5267069940392738e-07
D_5042,0.0
D_5063,7.068682324054428e-09
D_5064,0.0
D_5065,0.0
D_5066,0.0
D_5067,4.477652217699496e-06
D_5068,0.0
D_5069,0.0
D_5072,0.0
D_5074,6.941296388074968e-05
D_5076,0.0
D_5077,0.0
D_5078,0.0
D_5079,0.0
D_5080,2.4176595904962494e-07
D_5081,0.0
D_5082,0.0
D_5089,8.617961408642392e-07
D_5095,2.678915275708492e-07
D_5096,2.8853910141790842e-09
D_5097,0.0
D_5098,0.0
D_5099,2.5651917971832423e-06
D_5107,0.0
D_5108,0.0
D_5110,0.0
D_5111,0.0
D_5112,4.8508163531223595e-06
D_5113,0.0
D_5114,0.00020221301414769755
D_5115,0.0
D_5116,0.0
D_5117,0.0
D_5118,0.0
D_5120,0.0
D_5121,0.0
D_5122,0.0
D_5129,1.3213244087315149e-05
D_5130,7.437558499610573e-05
D_5131,1.7631765113245022e-05
D_5132,1.8006079221189186e-07
D_5133,1.0712348733487529e-05
D_5134,2.4185452814759667e-05
D_5135,0.0
D_5136,1.479458895991547e-06
D_5137,1.5903439140871775e-05
D_5138,0.0006379781497259246
D_5139,0.00016411702072806358
D_5140,1.0366697635552128e-05
D_5141,0.00015243515890546471
D_5142,0.0
D_5143,8.499089739206259e-06
D_5144,5.048528706637017e-07
D_5145,1.6190153643565379e-06
D_5146,0.0
D_5147,0.0
D_5157,0.0004238674776645816
D_5158,0.00017161491515505384
D_5159,0.0006000102799161206
D_5160,0.0
D_5161,8.625589182254907e-11
D_5162,4.87415730071104e-06
D_5163,7.249844971788017e-06
D_5164,2.533017614868142e-06
D_5165,0.00012662947636491703
D_5166,0.0
D_5168,0.0
D_5169,0.0
D_5170,1.1022401728239203e-05
D_5171,7.783466665469687e-07
D_5172,0.0
D_5173,0.0
D_5174,4.420606360417232e-06
D_5175,3.975161753499588e-05
D_5404,0.0
D_5405,5.731199976310341e-06
D_5406,1.943992770987531e-07
D_5407,6.289064459102231e-07
D_5408,4.919902697147419e-07
D_5409,0.0
D_5410,1.4764870293807706e-06
D_5411,1.5622229964711221e-07
D_5412,3.0933400614207217e-06
D_5414,0.0
D_5415,1.7029187916197813e-06
D_5421,0.00016484229042339131
D_5422,0.0012478743406588982
D_5423,0.0003813670956399917
D_5424,0.0006537728329183489
D_5425,0.0004123088146726236
D_5426,0.0002876775406826503
D_5427,0.0005776388440022224
D_5428,0.0002815670571703514
D_5429,0.0001621379808829333
D_5430,0.00014203323149944
D_5431,0.0002205507554938502
D_5432,0.00019257854533591894
D_5433,4.890226687881384e-06
D_5434,2.7743748459511686e-05
D_5435,0.0001517653792639599
D_5436,2.771009251253437e-06
D_5439,0.0
D_5452,2.021685745823145e-06
D_5454,0.0
D_5455,1.139824228704865e-08
D_5456,0.0
D_5457,0.0
D_5461,0.0
D_5462,0.0
D_5485,0.000606632165489678
D_5486,0.0005570246807197372
D_5487,0.000613867091100301
D_5488,0.00062717045642046
D_5489,0.0007835857738491053
D_5490,0.0003718726008522098
D_5491,0.0004090445497600661
D_5492,0.0017028909648815146
D_5493,0.0021493318380668936
D_5494,0.00015760933438230398
D_5495,0.0006300682638306994
D_5496,0.00033098566783856516
D_5497,6.8071575755620984e-06
D_5498,0.0
D_5499,1.6129366034749328e-07
D_5500,1.0932741504814696e-05
D_5501,0.0
D_5502,0.0
D_5503,0.0
D_5521,0.00033419322138701537
D_5522,0.00019946679041801503
D_5523,0.0019153510461617212
D_5524,0.000440226258376887
D_5525,0.00019816640378713963
D_5526,0.0015336427582271987
D_5527,6.351277796103892e-05
D_5528,5.618299265288178e-05
D_5529,0.00015177804839351907
D_5530,0.00020782594146039426
D_5531,0.0004932979956154853
D_5532,0.0005569286476532639
D_5533,0.00029029550596608016
D_5534,7.209282995402722e-05
D_5535,0.00019344214746337885
D_5536,1.6501187711677785e-06
D_5537,2.2660335652650143e-06
D_5538,0.0
D_5539,0.0
D_5540,0.0
D_5541,0.0
D_5552,9.914899788845531e-07
D_5553,0.0
D_5554,0.0
D_5556,0.0
D_5557,0.0
D_5558,4.790800406259489e-07
D_5559,4.7154017041743524e-06
D_5560,0.0
D_5561,0.0
D_5562,0.0
D_5564,0.0
D_5565,0.0
D_5572,0.0006565287108247805
D_5573,0.00038263998825395593
D_5574,0.000542557325637173
D_5575,0.0011914118757821012
D_5576,0.0004899569364677029
D_5577,0.0002107956829416613
D_5578,0.00018705288678906386
D_5579,0.0001961690751502016
D_5580,4.5409600973862646e-05
D_5581,7.167744900327499e-05
D_5582,1.585639061342785e-05
D_5583,8.82723052078563e-06
D_5584,0.0
D_5585,5.1321342653316276e-05
D_5586,0.0
D_5587,0.0
D_5588,0.0
D_5589,2.0036396484151885e-05
D_5604,0.0008395191700619938
D_5605,0.0008272324119466881
D_5606,0.00036253193932139527
D_5607,0.0005075189051883262
D_5608,0.00039303489596632864
D_5609,0.000614854717206138
D_5610,0.00023184340845483438
D_5611,0.0003107973617033503
D_5612,0.00021314277104444247
D_5613,0.0002857997649368067
D_5614,0.0002584284879414336
D_5615,0.00038917165406309395
D_5616,0.0001810339768010214
D_5617,2.5213126499905986e-05
D_5618,0.0003967724547521466
D_5619,0.00010736188476769028
D_5620,2.8703671983485078e-06
D_5621,4.710721800538935e-07
D_5622,5.544907873414155e-08
D_5623,0.0
D_5625,0.0
D_5635,8.803192527694425e-05
D_5636,0.00012577478320683052
D_5637,1.32636586696637e-05
D_5638,1.1823368378470647e-05
D_5639,3.946698933723478e-05
D_5640,1.6516119835902776e-05
D_5641,5.191559463927116e-05
D_5642,0.0003974225792499621
D_5643,5.101719271342244e-07
D_5644,6.519920787474462e-06
D_5645,7.97406784338217e-05
D_5646,2.780160969580264e-06
D_5647,8.120574129018588e-08
D_5648,0.0
D_5649,0.0
D_5650,1.1694077887816138e-05
D_5651,0.0
D_5654,0.0
D_5662,0.0
D_5664,1.5291903354476301e-09
D_5665,1.0351933429307048e-06
D_5666,0.0
D_5667,0.0
D_5668,0.0
D_5669,3.3110483721236264e-06
D_5670,3.622959659015478e-05
D_5671,0.0004442509505724047
D_5672,0.0001767512186246954
D_5673,2.5926462069025967e-06
D_5674,0.00039257442734752973
D_5675,0.0006880719762383375
D_5676,3.6325830914723436e-06
D_5677,6.889132507593205e-06
D_5678,9.184699440480832e-10
D_5679,0.0
D_5685,0.0
D_5686,6.125583070082031e-05
D_5687,2.549725335384961e-05
D_5688,1.1118920666196743e-05
D_5689,0.00010831468600728072
D_5690,4.477633503661763e-06
D_5691,0.0002989959634598008
D_5692,9.45896813290146e-06
D_5693,1.5260843891543084e-05
D_5694,0.00013158422750112722
D_5695,0.0003073503839934055
D_5696,0.00023864201339867235
D_5697,5.282710003338659e-05
D_5698,0.00014769149697847216
D_5699,2.5906720690259084e-05
D_5700,8.762320357180763e-07
D_5701,2.6266329914635472e-05
D_5702,4.954576685227151e-09
D_5703,3.609771799207098e-05
D_5704,0.0
D_5706,0.0
D_5727,0.0
D_5728,0.0
D_5729,0.0
D_5730,1.2617741308186066e-06
D_5731,0.0
D_5732,0.0
D_5733,1.1474877028286478e-07
D_5734,0.0
D_5735,0.0
D_5736,0.0
D_5737,2.0922933313611565e-06
D_5738,0.0
D_5739,0.0
D_5740,0.0
D_5741,0.0
D_5743,1.4129742595564624e-07
D_5750,0.0
D_5753,0.0
D_5754,9.52264545405127e-08
D_5756,0.0
D_5757,0.0
D_5759,2.7965227545412848e-08
D_5760,0.0
D_5761,0.0
D_5763,0.0
D_5764,0.0
D_5768,1.7117023875184689e-07
D_5769,0.0
D_5770,0.0
D_5772,0.0
D_5773,0.00095478752112095
D_5774,1.5116055158242967e-07
D_5775,4.791536391180832e-06
D_5776,2.891125259485694e-11
D_5777,2.8283904451818716e-07
D_5778,0.0
D_5780,0.0
D_5781,0.0
D_5788,0.0
D_5789,0.00025833778320995455
D_5790,4.641398221667891e-05
D_5791,5.6123236537142335e-05
D_5792,8.565403042491763e-05
D_5793,0.00021454576167031356
D_5794,0.0002035681585581881
D_5795,3.0367014241786755e-05
D_5796,9.238807069890933e-05
D_5797,4.7529575183799505e-06
D_5798,2.4293863050301082e-05
D_5799,0.0
D_5800,1.6561131337123878e-08
D_5801,0.0
D_5802,1.3831717734345493e-07
D_5803,0.0
D_5820,5.5486459509787795e-05
D_5821,0.001322019113573846
D_5822,0.0012679143679917113
D_5823,0.0003488874435977863
D_5824,0.0001130704784221384
D_5825,0.0003809456980066002
D_5826,0.00029167788131350943
D_5827,0.00011779705694897133
D_5828,0.0001117219421847188
D_5829,6.749365578611323e-06
D_5830,8.580776724810804e-06
D_5831,1.5370126715473314e-07
D_5832,3.888052485605659e-06
D_5833,0.0
D_5834,0.0
D_5835,0.0
D_5859,3.238238657737299e-05
D_5860,0.00021395766189632586
D_5861,0.004899194619004492
D_5862,0.0005192220016624527
D_5863,0.000186150488031725
D_5864,5.539585116069161e-05
D_5865,0.0001291427569079114
D_5866,4.992099309583853e-07
D_5867,1.5029837854785853e-05
D_5868,9.83618239547366e-05
D_5869,0.0
D_5870,0.0
D_5871,0.0
D_5872,9.590937209306367e-06
D_6491,0.0
D_6492,0.0
D_6493,1.7248505570094284e-06
D_6494,0.0
D_6495,0.0
D_6506,7.255785048338354e-05
D_6507,4.746777250991451e-06
D_6508,1.6435275809722535e-05
D_6509,2.0489260508112503e-06
D_6510,0.0001292785704456943
D_6511,0.00017848761205823102
D_6512,0.00012941054222182757
D_6513,7.470472511275837e-05
D_6514,0.0006369094988999419
D_6515,0.0001680898215394839
D_6516,3.7118033428037667e-06
D_6517,2.721830567325909e-07
D_6518,0.0
D_6519,2.4422149299962007e-07
D_6520,6.142486802530986e-06
D_6521,0.0
D_6522,1.1629594902578e-06
D_6523,0.0
D_6542,0.0
D_6545,3.718429395984781e-08
D_6550,0.0
D_6575,3.526854317756318e-05
D_6576,0.0010294476508744565
D_6577,1.7125229171724427e-06
D_6578,0.00023853157874579434
D_6579,0.0007319357773344634
D_6580,0.006716848035824873
D_6581,0.0012477731430250191
D_6582,0.00012946947355683584
D_6583,0.0003334922487077893
D_6584,0.00014991509030296994
D_6585,0.00011897778200630326
D_6586,2.675050407925705e-05
D_6587,1.6920435196312636e-06
D_6588,1.3296377664674575e-06
D_6589,0.0
D_6590,0.0
D_6612,1.4923322860214847e-06
D_6613,2.0112311525513265e-05
D_6614,3.7713252685510614e-06
D_6615,0.000949789006225636
D_6616,0.0007915197991362029
D_6617,0.00634124736066826
D_6618,0.00019350827398530054
D_6619,0.00019846629472186308
D_6620,3.3129564406008794e-05
D_6621,1.8276668646505588e-05
D_6622,7.957813439057196e-05
D_6623,0.0001544506905755896
D_6624,1.1409695284859252e-07
D_6625,8.886371777862229e-07
D_6626,4.205382030607969e-06
D_6627,2.592692689133593e-05
D_6628,0.0
D_6629,0.0
D_6630,4.67018760423009e-06
D_6631,2.7289981854882663e-06
D_6632,0.0
D_6633,0.0
D_6634,0.0
D_6651,0.0
D_6652,0.0
D_6655,0.0
D_6656,0.0
D_6658,0.0
D_6673,3.629746103849064e-05
D_6674,2.2638379937170354e-05
D_6675,0.000106743101964676
D_6676,0.00028831533362718483
D_6677,0.001189791424330409
D_6678,0.003465926310746611
D_6679,0.00014247739564718893
D_6680,9.37972231111663e-05
D_6681,6.107682154348524e-05
D_6682,0.00011069278147868525
D_6683,9.114827742736168e-06
D_6684,0.0
D_6685,1.7671705819433662e-09
D_6686,0.0
D_6687,0.0
D_6688,0.0
D_6689,0.0
D_6690,1.731827170573997e-07
D_6691,0.0
D_6692,0.0
D_6693,0.0
D_6707,0.0012109843715346889
D_6708,0.006721292814214047
D_6709,0.0008130509209282732
D_6710,0.038094358691444244
D_6711,1.904500129266509e-05
D_6712,0.0003726110209757363
D_6713,0.00036422976632327647
D_6714,0.0003925367994378318
D_6715,0.0005611037516866444
D_6716,0.0008089893628676497
D_6717,0.00026734541770321197
D_6718,6.046597065140987e-05
D_6719,5.712869075857726e-05
D_6720,4.6025236607935665e-05
D_6721,2.304474890779132e-05
D_6722,1.900759072584284e-06
D_6723,5.863819082801473e-06
D_6724,1.5053206301441118e-08
D_6725,2.1624821683686744e-05
D_6726,0.0
D_6727,0.0
D_6728,3.608987154891014e-07
D_6729,0.0
D_6730,0.0
D_6731,0.0
D_6741,3.194451735799725e-05
D_6742,3.377981450939652e-08
D_6743,4.8692032080828336e-06
D_6744,1.4365862180700976e-05
D_6745,5.778219513128556e-06
D_6746,6.335142018617364e-05
D_6747,2.8648792286493054e-07
D_6748,9.11936791917975e-06
D_6749,2.5240694956531167e-05
D_6750,4.83538108072288e-07
D_6751,1.5909696243834152e-07
D_6752,2.13220503992516e-08
D_6753,0.0
D_6758,0.0
D_6759,0.0
D_6779,0.0
D_6780,1.2203894629790452e-08
D_6781,5.497273589706272e-05
D_6782,2.2506574851329093e-05
D_6783,0.0
D_6784,0.0
D_6785,3.2056130285477904e-08
D_6786,5.6721703431906576e-05
D_6787,8.059605470248938e-06
D_6788,9.981718235339149e-08
D_6789,0.0
D_6790,4.4028245466610435e-06
D_6800,0.0
D_6801,2.7881410396474338e-05
D_6803,3.178935257240751e-07
D_6804,3.9534667481727714e-06
D_6805,1.7330016839695258e-06
D_6806,0.00010409940584526337
D_6807,0.00040872837371793086
D_6808,3.6396004308743356e-08
D_6809,1.2448804014837234e-07
D_6810,2.314476022468123e-06
D_6811,1.0727349853198453e-08
D_6812,5.901933992228269e-08
D_6813,8.521834780928121e-05
D_6814,1.7902279042876093e-08
D_6815,1.3993047308584322e-08
D_6816,8.029252571848043e-06
D_6817,0.0
D_6818,0.0
D_6820,0.0
D_6821,0.0
D_6822,0.0
D_6823,0.0
D_6853,0.0
D_6855,0.0
D_6856,0.0
D_6857,0.0
D_6858,0.0
D_6860,1.5300413183533763e-06
D_6863,0.0
D_6865,1.4794509270219221e-05
D_6866,0.0
D_6867,0.0
D_6868,0.0
D_6882,0.0
D_6883,0.0
D_6887,0.0
D_6901,0.0
D_6902,0.0
D_6905,0.0
D_6906,0.0
D_6908,2.8911255320914833e-11
D_6922,3.9969893352264295e-07
D_6923,9.82017147427309e-06
D_6924,0.00011010853594638254
D_6925,3.069952391778179e-05
D_6926,2.7217274638049008e-05
D_6927,3.346118525053975e-05
D_6928,0.0010602996320035688
D_6929,2.3485322698713946e-06
D_6930,6.999531278864997e-05
D_6931,4.451709173096141e-06
D_6932,4.735429382582679e-06
D_6933,0.0
D_6934,0.0
D_6935,0.0
D_6936,1.3856383894537836e-07
D_6937,0.0
D_6954,5.128710081692184e-05
D_6955,4.8179053001754385e-09
D_6956,0.0
D_6957,7.607769706817306e-08
D_6958,0.0005339047528697599
D_6959,6.136283409735794e-06
D_6960,5.418803047781429e-05
D_6961,0.0002651499435405429
D_6962,0.000308485999016506
D_6963,2.2237412009507165e-07
D_6964,0.0
D_6965,0.0
D_6966,0.0
D_6967,6.958162634492818e-05
D_6968,0.0
D_6969,0.0
D_6970,0.0
D_6995,0.08711219776295946
D_6996,1.871977390051543e-06
D_6997,0.0002599153690104495
D_6998,0.021998846348472566
D_6999,2.0880442784819356e-05
D_7000,1.5644847659148475e-05
D_7001,0.0008308270954885319
D_7002,2.542773037458479e-05
D_7003,0.0
D_7004,8.600646486800273e-06
D_7005,7.145491724692354e-06
D_7006,0.0
D_7007,0.0
D_7057,0.0
D_7060,0.0
D_7061,4.6603895961318504e-07
D_7062,0.00010156761672894962
D_7063,7.211850000449845e-06
D_7064,5.365151151192596e-07
D_7065,8.343080083946884e-07
D_7066,0.0
D_7067,3.261892010769537e-08
D_7068,0.0
D_7069,0.0
D_7096,0.0
D_7097,0.0
D_7098,0.00061029303881567
D_7099,9.485246601144945e-06
D_7100,3.2471759435853553e-06
D_7101,1.4814270315479097e-08
D_7102,5.505085224564431e-10
D_7103,2.40423286771131e-07
D_7104,2.6280357850358523e-05
D_7105,0.0
D_7106,0.0
D_7107,3.996615564066349e-07
D_7112,0.0
D_7116,0.0003375557724418866
D_7117,0.0003426697549212439
D_7118,0.0016843626873885343
D_7119,0.0004663241183158834
D_7120,0.00027008494671613666
D_7121,0.0003199812517891322
D_7122,0.0007593360188154517
D_7123,0.0006295522662630186
D_7124,0.0006129205019868169
D_7125,0.0005053103477785855
D_7126,0.00013970837060854147
D_7127,2.289111417079892e-05
D_7128,7.117560474585887e-05
D_7129,1.94685612918392e-05
D_7130,1.0162624628785022e-05
D_7131,1.9471551398010663e-05
D_7132,0.00016798202083849337
D_7133,0.0
D_7134,0.0
D_7136,0.0
D_7154,6.900019257679744e-06
D_7156,2.0178148325276207e-07
D_7157,1.5083236703677017e-05
D_7158,0.0
D_7159,0.0
D_7160,1.943992771879294e-07
D_7161,0.0
D_7163,0.0
D_7165,0.0
D_7166,1.4531017510436042e-06
D_7168,0.0
D_7169,0.0
D_7190,0.0007192751728574678
D_7191,0.002018693413488011
D_7192,0.0007406606723053032
D_7193,0.0020605582791806925
D_7194,0.0024265060468529063
D_7195,0.0003086869944934095
D_7196,0.00048544872526432356
D_7197,0.0006628568895166379
D_7198,0.0007720170718858121
D_7199,0.00022234432084975955
D_7200,0.0002887963003174677
D_7201,0.0009802291955540885
D_7202,0.00010713984357605942
D_7203,0.00041750055847418433
D_7204,2.075711810797596e-05
D_7205,9.514981024162048e-05
D_7206,1.0083020135083493e-05
D_7207,3.608987155631003e-07
D_7208,1.6825280242680563e-06
D_7232,0.00012061309184061529
D_7233,9.21467284578426e-05
D_7234,0.000302221518333312
D_7235,0.0007086513951057511
D_7236,0.0003098505115011131
D_7237,0.0005607737904903239
D_7238,0.0002794898273878588
D_7239,0.0003180891521266426
D_7240,0.0001594601885028569
D_7241,0.0004459715339554038
D_7242,0.0004542085811380447
D_7243,0.00020554120129947004
D_7244,9.783767365899956e-05
D_7245,6.219105287543134e-05
D_7246,0.0017068508102985054
D_7247,5.778331211409274e-06
D_7248,0.0
D_7249,0.00025525806046091504
D_7250,1.8528088247178925e-06
D_7251,0.0
D_7252,0.0006589807777523715
D_7253,0.0
D_7254,0.0
D_7275,1.6567224211477802e-06
D_7276,4.886002056923412e-09
D_7277,0.0
D_7278,0.0
D_7279,0.0
D_7280,0.0
D_7281,4.790800400751557e-07
D_7282,3.1062276025224654e-07
D_7283,0.0
D_7284,0.0
D_7285,3.153395956147723e-07
D_7286,0.0
D_7288,0.0
D_7289,0.0
D_7299,0.0004187656389400651
D_7300,0.00038682145108936213
D_7301,0.0011961704691160861
D_7302,0.0005982343883320757
D_7303,0.0005076467133333434
D_7304,0.00018965843648147574
D_7305,0.0004349164212581736
D_7306,0.0005218806957794621
D_7307,0.0005324631129318623
D_7308,3.293906490615271e-05
D_7309,4.805122224475502e-08
D_7310,5.067362326888468e-06
D_7311,7.70019752389953e-06
D_7312,0.010793091230869023
D_7313,3.597037967168029e-08
D_7314,0.0
D_7315,1.6722341446410418e-07
D_7316,0.0003342314557023776
D_7317,2.899819242805516e-06
D_7318,0.0
D_7341,0.00041118480949243406
D_7342,0.0004744459948767623
D_7343,0.0013471315950560375
D_7344,0.0029837632506473223
D_7345,0.0005777368681298658
D_7346,0.0002816314422593255
D_7347,0.00026735268613507714
D_7348,0.0002188286252268949
D_7349,0.0006556331678689179
D_7350,0.0009505436538753849
D_7351,0.0006430971672813019
D_7352,0.00025166207787413194
D_7353,0.0006366026070492872
D_7354,0.0005944970026846959
D_7355,0.0013987398509356232
D_7356,0.00018463947010687002
D_7357,9.584940789886506e-05
D_7358,1.275193413523472e-06
D_7359,2.9688322813264397e-06
D_7360,2.2228869828281984e-05
D_7361,0.0
D_7362,3.050295874868338e-07
D_7363,0.0
D_7364,0.0
D_7365,0.0
D_7382,6.981266520404101e-06
D_7383,0.0005137132550199636
D_7384,0.00033175160781704727
D_7385,0.00010130926295850546
D_7386,8.833180863961437e-05
D_7387,5.302707231544687e-05
D_7388,6.886419891164723e-05
D_7389,2.3163957327027284e-05
D_7390,5.101995553661962e-05
D_7391,4.299218447188489e-05
D_7392,6.193826894448508e-05
D_7393,1.0773866305187484e-06
D_7394,8.304043618574866e-05
D_7395,1.5252556026575604e-05
D_7396,6.023728429934893e-07
D_7397,0.0
D_7398,1.3908318863891637e-06
D_7399,0.0
D_7400,0.0
D_7416,3.271033701299277e-08
D_7417,0.0
D_7418,3.201332865513682e-05
D_7419,1.5028295836380982e-05
D_7420,8.233516443909736e-06
D_7421,1.708602657553291e-05
D_7422,0.0001420242255749863
D_7423,0.00010994756257623936
D_7424,0.0001640387224435618
D_7425,5.702021531118016e-05
D_7426,4.7348615945805714e-05
D_7427,0.00010602710130448805
D_7428,1.8605549697794135e-06
D_7429,0.0
D_7430,2.476029113000268e-05
D_7431,1.920357820703365e-07
D_7442,7.00670435114892e-05
D_7443,3.0502958737123375e-07
D_7444,1.845613154488972e-05
D_7445,3.2110578590313656e-05
D_7446,6.338570927256042e-05
D_7447,0.0001425742409603477
D_7448,0.0002609765504266361
D_7449,2.074511725778604e-05
D_7450,0.0002365644140550534
D_7451,9.714641423443466e-05
D_7452,0.0005397845811788402
D_7453,0.016905912188168608
D_7454,0.0001924240831873021
D_7455,0.0001287143087836165
D_7456,3.727673288054234e-06
D_7457,6.499485394441435e-05
D_7458,0.0
D_7459,3.7608277922402824e-07
D_7460,0.0
D_7462,0.0
D_7463,0.0
D_7464,0.0
D_7465,0.0
D_7491,4.4873973022303696e-05
D_7492,0.0
D_7493,0.0
D_7494,0.0
D_7495,0.0
D_7496,7.49303264465903e-08
D_7497,1.8572786789841216e-06
D_7498,0.0
D_7499,1.2415498290617744e-05
D_7500,0.0
D_7501,0.0
D_7502,0.0
D_7503,0.0
D_7504,0.0
D_7506,0.0
D_7507,1.0771239401560647e-05
D_7508,0.0
D_7509,0.0
D_7510,0.0
D_7520,0.0
D_7523,0.0
D_7524,1.767170581982387e-09
D_7525,0.0
D_7526,0.0
D_7527,0.0
D_7528,0.0
D_7529,0.0
D_7530,0.0
D_7531,0.0
D_7534,0.0
D_7544,0.0
D_7545,9.574939739832907e-06
D_7546,1.9963583823219354e-07
D_7547,0.0
D_7548,2.536926766111524e-08
D_7549,2.696472290484277e-09
D_7550,1.8069534247550646e-08
D_7551,0.0
D_7552,2.891125598757822e-11
D_7553,0.0
D_7554,0.0
D_7555,2.1292446222143598e-07
D_7558,0.0
D_7565,0.00017864204512276117
D_7566,3.721662400046502e-06
D_7567,0.0005375444917230037
D_7568,4.4866555803916375e-06
D_7569,2.957241801396618e-06
D_7570,2.8376008528949054e-06
D_7571,0.0078035585264217815
D_7572,9.309524911040019e-06
D_7573,5.8206389744003196e-06
D_7574,0.00018482729873375386
D_7575,0.0006592738623785344
D_7576,1.892611977088191e-09
D_7577,0.00010401608343921886
D_7578,5.524200094809665e-10
D_7579,0.0
D_7580,3.1678780591153514e-06
D_7581,0.0
D_7582,6.581760084968421e-06
D_7583,0.0
D_7607,0.0
D_7608,1.454755992371767e-05
D_7609,6.467060474227025e-05
D_7610,0.0006662137183822129
D_7611,5.4440673260833735e-05
D_7612,3.802687914342642e-05
D_7613,4.3120328233068906e-05
D_7614,8.373000745232618e-05
D_7615,0.00017536372200244735
D_7616,5.540452086628706e-05
D_7617,9.72832894666272e-06
D_7618,2.7696672023521985e-05
D_7619,1.0762571796087464e-05
D_7620,0.0
D_7621,0.0
D_7622,0.0
D_7623,8.068397204374625e-05
D_7624,0.0
D_7625,6.145223398358933e-07
D_7655,0.00045128876317951735
D_7656,0.0005307726511203971
D_7657,0.00039588900394820354
D_7658,0.007275873880603838
D_7659,0.00010137495558120329
D_7660,0.00043920598276018597
D_7661,0.00017076653690110193
D_7662,0.0001370682753232738
D_7663,5.5775481733216e-05
D_7664,6.620015638920769e-05
D_7665,1.943648606443447e-05
D_7666,8.925536732543783e-07
D_7667,3.2602154778124136e-07
D_7668,0.0
D_7669,2.7355781486241224e-09
D_7670,1.7331801338919666e-06
D_7730,1.1125644995113982e-05
D_7731,0.0
D_7732,0.0
D_7733,0.00013190825019361786
D_7734,6.58216377433874e-05
D_7735,0.00013453789074947177
D_7736,0.00015977981044279157
D_7737,0.000627528098652896
D_7738,2.8612385582201374e-05
D_7739,4.592323952463709e-05
D_7740,0.00019728624681401315
D_7741,8.58781112831286e-06
D_7742,3.989064974361023e-06
D_7743,0.0
D_7744,0.0
D_7745,0.0
D_7746,0.0
D_7747,0.0
D_7748,0.0
D_7761,4.8807776770601774e-05
D_7762,4.027931587293602e-06
D_7763,4.230483115974576e-05
D_7764,0.0001595519502806599
D_7765,0.00042479765726636203
D_7766,0.0004352095750749998
D_7767,8.895661413830459e-05
D_7768,4.9124163614893267e-05
D_7769,0.00013160880801948863
D_7770,8.277433890868899e-05
D_7771,4.320280103538982e-05
D_7772,4.2644333658249474e-05
D_7773,5.495204406525938e-07
D_7774,0.0
D_7776,1.4685353191612123e-06
D_7777,0.0
D_7778,0.0
D_7779,0.0
D_7780,0.0
D_7815,1.0772580433369448e-07
D_7816,2.08763232722824e-07
D_7817,0.0
D_7819,0.0
D_7820,0.0
D_7821,0.0
D_7824,0.0
D_7825,4.60361635249173e-07
D_7826,0.0
D_7830,0.0
D_7836,0.00028323429261283126
D_7837,0.00020454847401910457
D_7838,0.006132250432665848
D_7839,0.0002201443672866828
D_7840,0.00015605915092082912
D_7841,0.00023374604875914148
D_7842,5.199109808088153e-05
D_7843,0.00019990669713664818
D_7844,0.00029810570273574704
D_7845,4.640692429500373e-05
D_7846,0.000130473705647289
D_7847,0.0001777611217825849
D_7848,8.01238660094057e-05
D_7849,6.30920052718658e-05
D_7850,1.9947488884725136e-06
D_7851,8.225886153343183e-06
D_7852,1.782696756624712e-05
D_7853,9.901150409017978e-06
D_7854,4.4139041358979934e-07
D_7855,0.0
D_7856,0.0
D_7857,0.0
D_7874,0.0
D_7876,6.952247744441027e-07
D_7877,0.0
D_7880,0.0
D_7881,0.0
D_7883,0.0
D_7886,0.0
D_7911,0.0006763074502337008
D_7912,0.00033105013478968413
D_7913,0.0004389313534821522
D_7914,0.0003457456756542847
D_7915,0.0005397653423503567
D_7916,0.0003446230709769982
D_7917,0.0002584065805728415
D_7918,0.000829486515772911
D_7919,0.0009890393188019956
D_7920,0.00016107189015708288
D_7921,0.0004699779606527223
D_7922,0.00029886510421078095
D_7923,6.371184381921376e-05
D_7924,9.440875021241121e-06
D_7925,1.0582274685360084e-06
D_7926,7.274286744385474e-08
D_7927,4.469399061652677e-09
D_7928,2.127281149892328e-08
D_7929,4.154084095367979e-06
D_7930,0.0
D_7952,0.00026666104150201196
D_7953,0.0006153326384743926
D_7954,5.464913014058626e-05
D_7955,0.00010832003646095224
D_7956,5.839475001446583e-05
D_7957,1.4313681318113757e-05
D_7958,0.00014238262345889357
D_7959,0.0004133596416123057
D_7960,7.079139068631646e-05
D_7961,0.00015958485572814302
D_7962,0.00012482127242597544
D_7963,0.0001228113447253784
D_7964,0.0002620982208524745
D_7965,0.0011898485500197642
D_7966,0.000527391165085517
D_7967,0.0003749968040461166
D_7968,0.0003381143829138595
D_7969,1.4435048892117297e-06
D_7970,3.463654340376427e-07
D_7971,4.695444988783678e-05
D_7972,0.00010935278209569567
D_7973,0.0
D_7974,0.0
D_7988,1.273289889973302e-09
D_7989,0.0
D_7990,0.0
D_7991,8.562149344112684e-07
D_7992,0.0
D_7994,0.0
D_7995,0.0
D_7996,0.0
D_7997,0.0
D_7998,0.0
D_7999,1.2891118845962017e-05
D_8000,0.0
D_8012,8.533912407082508e-05
D_8013,0.00020701659699061308
D_8014,0.00012122923648055455
D_8015,0.012857578728540903
D_8016,0.0002374586127156145
D_8017,0.0005540895148483939
D_8018,0.00018227423434541133
D_8019,0.00038019844169158803
D_8020,6.214479064730619e-05
D_8021,9.98195852808961e-06
D_8022,3.171794651541232e-06
D_8023,8.521891017985112e-08
D_8024,5.191130485427153e-07
D_8025,0.0
D_8026,0.0
D_8027,1.1771898351447396e-07
D_8028,2.164783962960658e-08
D_8029,2.7687891387857676e-05
D_8030,0.0
D_8031,0.0
D_8032,0.0
D_8050,0.0002301711981208691
D_8051,0.0005279485329451936
D_8052,0.00014880788044023137
D_8053,0.0003547882281104426
D_8054,0.00017819149672361042
D_8055,0.000569542826923518
D_8056,0.00024308981946718537
D_8057,0.00016005294214237778
D_8058,0.0011809864849161849
D_8059,0.00023357005320941097
D_8060,0.00043223077198368653
D_8061,0.0003002681212990625
D_8062,0.00014798651971192943
D_8063,0.00025009590201351226
D_8064,9.092780512994606e-05
D_8065,5.464374424733408e-05
D_8066,2.7702213177841453e-06
D_8067,7.672234645819018e-10
D_8068,1.9163874769110013e-05
D_8069,6.804840448462843e-07
D_8070,0.0
D_8071,0.00019856912094213478
D_8072,0.0
D_8073,0.0
D_8086,3.0724369878987084e-05
D_8087,0.0002193284602926433
D_8088,8.604589645752912e-05
D_8089,0.00016892749610358638
D_8090,1.0468469782674337e-05
D_8091,2.680182917403788e-06
D_8092,1.4873989176397408e-06
D_8093,0.00010838812756046629
D_8094,7.72811908460183e-06
D_8095,3.389626155186835e-06
D_8096,0.0
D_8097,2.5091477013379835e-06
D_8098,8.234966446405541e-05
D_8099,1.2270527467469033e-05
D_8100,3.099836064977557e-09
D_8101,0.0
D_8102,0.0
D_8103,0.0
D_8104,5.2029785265709e-07
D_8105,0.0
D_8119,0.0
D_8120,0.0
D_8121,0.0006744134857975082
D_8122,0.000196307838704981
D_8124,2.7482134808463584e-07
D_8125,7.068682322891721e-09
D_8126,3.1052121254146348e-09
D_8127,0.0
D_8128,3.031409813805675e-07
D_8129,4.02132227588681e-05
D_8130,5.634549258521957e-05
D_8131,8.120880046001584e-05
D_8132,6.909168992747597e-05
D_8133,1.954755802174747e-06
D_8134,0.00013070246366049526
D_8135,2.080235158867246e-05
D_8136,0.0
D_8137,0.0
D_8146,0.0
D_8147,0.0002625052831527786
D_8148,0.0
D_8149,9.501780252285733e-07
D_8150,0.0
D_8151,0.0
D_8152,1.8019999222304554e-06
D_8153,9.726495337551078e-06
D_8154,1.2430392717156666e-05
D_8155,3.552158939289687e-06
D_8156,0.00016321365188943555
D_8157,0.0006891727245817343
D_8158,0.0009992900115378595
D_8159,0.00011880316215510637
D_8160,7.513899961937454e-06
D_8161,3.935286511552392e-05
D_8162,0.00037933569965277193
D_8163,3.3471197778425375e-06
D_8164,2.2744737130287383e-05
D_8165,0.0
D_8167,4.139522186546417e-05
D_8168,4.095213134599345e-07
D_8169,0.0
D_8194,0.0
D_8195,0.0
D_8196,0.0
D_8198,1.5274715633259537e-05
D_8199,1.7982659125984297e-05
D_8200,0.0
D_8201,0.0
D_8202,0.0
D_8203,0.0
D_8204,0.0
D_8205,6.116761340610244e-09
D_8207,0.0
D_8208,0.0
D_8209,0.0
D_8210,1.6572600259821494e-08
D_8211,0.0
D_8212,0.0
D_8213,0.0
D_8223,0.0
D_8224,2.6814591468358733e-08
D_8225,0.0
D_8226,0.0
D_8229,0.0
D_8230,2.9977351089678122e-06
D_8231,0.0
D_8232,3.891478788256275e-06
D_8233,0.0
D_8234,0.0
D_8235,0.0
D_8236,0.0
D_8242,0.0
D_8243,0.0006964576822216117
D_8244,1.0772580432854912e-07
D_8245,0.0
D_8247,7.0686823257361746e-09
D_8248,0.0
D_8249,0.0
D_8250,0.0
D_8251,0.0
D_8252,0.0
D_8253,0.0
D_8266,5.4455235133637204e-05
D_8267,6.074961193116012e-05
D_8268,5.693818309078318e-06
D_8269,0.0005722936791143558
D_8270,0.0002165897508718906
D_8271,0.000221880711638359
D_8272,0.0005625411652494151
D_8273,2.4082082714405228e-05
D_8274,9.21560805836044e-05
D_8275,1.7482241524150658e-06
D_8276,2.8253940288550575e-07
D_8277,2.3733448313802055e-06
D_8278,7.683340379756152e-07
D_8279,2.297651663071748e-06
D_8280,0.0
D_8281,0.0
D_8282,0.0
D_8302,1.530964914529073e-05
D_8303,0.00013198211275710834
D_8304,1.284863542712351e-05
D_8305,2.801809372710565e-06
D_8306,5.55670095746928e-07
D_8307,3.2005827496918457e-05
D_8308,0.0006102531303423273
D_8309,0.00025963413603900814
D_8310,3.1037305491534705e-05
D_8311,5.350779311755529e-05
D_8312,9.626688948131904e-06
D_8313,0.0
D_8314,0.0
D_8315,0.0
D_8316,0.0
D_8317,1.7285241500567955e-05
D_8318,8.593575800912386e-08
D_8319,0.0
D_8320,8.555192721243605e-07
D_8348,2.431583034028923e-06
D_8349,0.00019338127205591923
D_8350,8.32846047087724e-05
D_8351,0.0005064003177762691
D_8352,0.0002920220404523747
D_8353,0.00024038151370344958
D_8354,0.000312861270400484
D_8355,0.0002485104803662417
D_8356,0.0001683543298214403
D_8357,1.6113174541282824e-06
D_8358,0.0003356738412382301
D_8359,2.877950827839257e-06
D_8360,8.636599802249411e-07
D_8361,0.0
D_8362,4.604798293963246e-08
D_8414,9.273798685322939e-08
D_8415,1.3500386727379818e-05
D_8416,1.9360792122454955e-07
D_8417,1.0609801666276712e-06
D_8418,0.00023050374247076611
D_8419,6.360305695581808e-05
D_8420,7.646865350250813e-05
D_8421,5.951002591597403e-05
D_8422,5.238370311091673e-05
D_8423,1.0791753609475568e-05
D_8424,2.157597963448468e-06
D_8425,0.0
D_8428,0.0
D_8429,0.0
D_8445,0.0007897731366782368
D_8446,0.000469293770575082
D_8447,8.884707998953873e-05
D_8448,0.0004266772869775732
D_8449,8.55012884352661e-06
D_8450,0.0009677398480000746
D_8451,0.0002607262623470308
D_8452,0.00089160545386733
D_8453,2.3349905295559142e-05
D_8454,5.453989874376633e-05
D_8455,0.0001707661204419771
D_8456,2.079081894533205e-05
D_8457,3.5218385766726234e-06
D_8458,0.0
D_8459,0.0
D_8460,0.00021458407646634576
D_8461,0.00012250642237871884
D_8462,0.0
D_8463,2.2886707211848634e-06
D_8464,0.0
D_8481,0.0
D_8482,8.93875392198523e-06
D_8483,0.0
D_8484,5.814746252294729e-09
D_8485,1.383307966636365e-07
D_8486,3.473297954316187e-05
D_8487,3.201806763298844e-05
D_8488,2.2599066706497624e-05
D_8489,0.00010582184060038155
D_8490,0.0
D_8491,0.0
D_8492,6.111106528715638e-09
D_8493,0.0
D_8494,0.0
D_8496,0.0
D_8497,0.0
D_8499,0.0
D_8966,0.0
D_8969,5.582510621357247e-06
D_8971,0.0
D_8986,0.0
D_8987,0.0
D_8989,0.0
D_8990,0.0
D_8992,0.0
D_9007,2.3534069836117706e-06
D_9008,0.0
D_9025,0.0
D_9028,0.0
D_9038,0.0
D_9041,0.0
D_9043,0.0
D_9044,3.528382106024477e-06
D_9047,0.0
D_9050,0.0
D_9091,0.0
D_9107,0.0
D_9113,0.0
D_9123,4.084000507811688e-06
D_9136,0.0
D_9139,1.1319911096580205e-08
D_9150,0.0
D_9155,1.3060723060626583e-07
D_9157,0.0
D_9158,0.0
D_9170,0.0
D_9188,0.0
D_9189,0.0
D_9204,2.582974588145301e-05
D_9205,8.583034640206697e-05
D_9206,1.1189349603651917e-05
D_9207,0.0
D_9208,0.00021048086605098232
D_9209,0.00015157767553482834
D_9210,0.0
D_9211,5.056494642833078e-06
D_9212,5.517454525381054e-07
D_9213,3.853295901031713e-06
D_9214,0.0
D_9215,3.6987490361824073e-07
D_9216,0.0
D_9217,2.891125477309989e-09
D_9218,1.694463219043087e-06
D_9219,2.0607244384606694e-06
D_9220,2.1867812060861785e-07
D_9221,0.0
D_9224,0.0
D_9258,6.711103861224226e-06
D_9259,8.63633640062863e-05
D_9260,0.00011185907237171878
D_9261,3.6702630867372034e-07
D_9262,2.683075332397304e-05
D_9263,2.3925580485436302e-05
D_9264,0.000282395740464256
D_9265,0.0003694092995092641
D_9266,3.685565618428978e-05
D_9267,0.00017857299569356975
D_9268,9.366883764857833e-07
D_9269,8.874453282192886e-05
D_9270,8.82182393940911e-06
D_9271,8.753850080009497e-08
D_9272,4.630619307552472e-07
D_9273,0.0
D_9274,0.0
D_9291,9.359481981778066e-05
D_9292,0.00010705639461317188
D_9293,9.394397639521237e-08
D_9294,5.055885558788444e-10
D_9295,0.0
D_9296,0.00012950324311567337
D_9297,4.86772886945038e-06
D_9298,1.323505872422766e-05
D_9299,1.3130858742011663e-06
D_9300,0.0
D_9301,2.0238932590540042e-05
D_9302,2.5973901678102175e-05
D_9303,2.3500745625622353e-05
D_9304,4.936779101258278e-05
D_9305,3.1915087142950254e-05
D_9306,2.276046895663922e-07
D_9307,8.125764654215745e-06
D_9308,1.185522792157075e-05
D_9309,0.0
D_9310,0.0
D_9311,0.0
D_9340,0.0
D_9350,0.0
D_9351,3.4703883525693646e-07
D_9352,7.575740450748387e-06
D_9353,6.295842809706785e-06
D_9354,6.012463804611657e-05
D_9355,3.866470540141411e-07
D_9356,1.9592910445647016e-05
D_9357,6.740388256754561e-06
D_9358,0.0
D_9359,0.0
D_9360,0.0
D_9361,0.0
D_9362,0.0
D_9363,1.0892610871435291e-05
D_9364,0.0
D_9365,0.0
D_9366,0.0
D_9368,0.0
D_9379,0.00019263513654471274
D_9380,5.8217601096010296e-05
D_9381,1.9599605412127836e-05
D_9382,1.6348545185045343e-05
D_9383,0.00013255882663945357
D_9384,4.533117377766544e-05
D_9385,3.1242405749054686e-05
D_9386,7.21591076790792e-05
D_9387,7.0851664068271055e-06
D_9388,1.2379278021002329e-06
D_9389,2.7607248211660035e-05
D_9390,3.885007903558402e-05
D_9391,0.00011033741698795595
D_9392,4.450070811840777e-05
D_9393,6.166056600661357e-06
D_9394,3.933294316482329e-05
D_9395,6.06706265494411e-07
D_9396,3.575278861989767e-08
D_9397,0.0
D_9399,0.0
D_9400,0.0
D_9418,8.464387086548895e-07
D_9420,5.784493130340875e-07
D_9421,1.818493943580571e-05
D_9422,0.0
D_9423,1.4249076589103192e-05
D_9424,0.0
D_9425,0.00015412906631391725
D_9426,5.744714115428051e-08
D_9427,1.5372113302714648e-06
D_9428,0.0
D_9429,0.0
D_9430,0.0
D_9440,1.5943270666387588e-07
D_9450,0.0
D_9451,0.0
D_9452,2.5066813594121695e-06
D_9453,5.116876312810292e-05
D_9454,0.0
D_9455,1.1875532430784829e-06
D_9463,0.0
D_9467,0.0
D_9468,8.733084808515736e-07
D_9469,0.0
D_9470,3.2386552468162646e-05
D_9471,0.0
D_9473,4.235363690528995e-06
D_9474,7.741112600059113e-06
D_9475,5.0507599064546995e-05
D_9476,8.059888066584588e-06
D_9477,0.0
D_9478,1.0509344411712039e-06
D_9479,0.0
D_9482,0.0
D_9483,5.0464555375598744e-08
D_9516,0.0
D_9517,5.0464555399231466e-08
D_9532,1.0770707813025623e-06
D_9533,0.0
D_9534,3.728795753644987e-05
D_9535,1.2599333770171933e-06
D_9551,0.0
D_9561,6.116761473373565e-11
D_9562,0.0
D_9563,1.7935061383680488e-06
D_9564,0.0
D_9565,0.0
D_9566,0.0
D_9567,0.0
D_9568,2.492729661476161e-06
D_9569,1.2669294883100186e-06
D_9570,8.078468592650776e-05
D_9571,1.6344762844989194e-07
D_9572,1.2635853208802715e-05
D_9573,0.0
D_9574,0.0
D_9589,5.137306005316999e-05
D_9590,0.00010821613572749636
D_9591,0.0
D_9592,0.0
D_9593,0.0
D_9594,2.6375800573676758e-06
D_9595,7.454748754694939e-06
D_9596,1.1774861160237813e-07
D_9597,0.0
D_9598,0.0
D_9603,0.0
D_9604,0.0
D_9606,0.0
D_9608,3.72799878164397e-08
D_9622,1.0594389243149613e-05
D_9623,1.227777396339735e-05
D_9624,5.5181610318277415e-05
D_9625,0.00010514467633226214
D_9626,9.38948112166478e-06
D_9627,1.2683370868126764e-05
D_9628,2.0350839180963175e-06
D_9629,5.649282336308211e-05
D_9630,4.95340152043277e-07
D_9631,4.2286450152762953e-05
D_9632,0.0
D_9635,3.675870029164166e-05
D_9670,0.0
D_9672,1.769310033368865e-05
D_9673,0.00011648022462078939
D_9674,0.0
D_9675,3.8581321154857755e-05
D_9676,3.7907915036509787e-06
D_9677,0.0
D_9678,3.7596323430828217e-06
D_9679,0.0
D_9695,0.0
D_9696,2.0352231476426332e-05
D_9697,7.817466448882359e-06
D_9698,2.712606939234019e-06
D_9699,1.619009902647225e-05
D_9700,2.7816697803422625e-05
D_9701,1.2427268123020719e-05
D_9702,1.8521506571179272e-05
D_9703,2.2782368002436187e-06
D_9704,3.894412432749299e-05
D_9705,1.2692586266607175e-05
D_9706,0.0
D_9707,3.4161731376042024e-06
D_9708,0.0
D_9709,0.0
D_9710,2.400526500767758e-07
D_9727,2.0135709330055147e-07
D_9728,0.0
D_9729,0.0
D_9730,2.870169238392584e-06
D_9731,0.0
D_9732,1.497402849140822e-06
D_9733,3.70691901186539e-06
D_9734,0.0
D_9735,1.986693545219876e-06
D_9736,0.0
D_9740,0.0
D_9779,0.0
D_9796,0.0
D_9904,0.00017459129158582166
D_9907,0.0
D_9908,0.0
D_9911,0.0
D_9912,0.0
D_9913,0.0
D_9917,0.0
D_9926,2.171162607973844e-05
D_9927,0.0
D_9930,2.7886220348973097e-05
D_9931,0.0
D_9932,0.0
D_9933,1.2039537720622906e-06
D_9934,2.375360401650265e-07
D_9935,0.0
D_9936,0.0
D_9937,0.0
D_9956,0.0
D_9957,1.2154626843877672e-05
D_9958,0.0
D_9959,0.0
D_9964,0.0
D_9965,0.0
D_9978,0.0
D_9979,1.0060050358255853e-05
D_9980,0.0
D_9982,0.0
D_9983,0.0
D_9985,0.0
D_9992,0.0
D_9993,0.0
D_9995,0.0
D_9996,0.0
D_9997,0.0
D_9998,0.0
D_9999,5.714454317721425e-06
D_10000,0.0
D_10001,4.8837656947458676e-06
D_10002,8.84260168047868e-06
D_10004,0.0
D_10005,6.6739169719327065e-06
D_10006,0.0
D_10007,0.0
D_10008,3.333026682469281e-06
D_10009,0.0
D_10011,0.0
D_10012,0.0
D_10019,5.462512548602746e-07
D_10043,0.0
D_10044,4.469824145861452e-07
D_10059,0.0
D_10061,0.0
D_10062,4.369430369436904e-06
D_10065,0.0
D_10078,0.0
D_10091,0.0
D_10093,0.0
D_10096,0.0
D_10097,5.795816932557315e-05
D_10098,1.2186672455148854e-05
D_10103,0.0
D_10111,0.0
D_10112,5.702723522612397e-06
D_10121,0.0
D_10124,1.3304115209653526e-07
D_10125,3.082352587024124e-06
D_10126,0.0
D_10127,0.0
D_10128,5.4581630204416275e-06
D_10131,0.0
D_10152,0.0
D_10153,0.0
D_10154,2.9610020130751675e-06
D_10161,0.0001341002439373263
D_10162,1.4137174069565354e-07
D_10163,4.529165572510207e-06
D_10164,0.0
D_10166,0.0
D_10167,0.0
D_10168,5.927205457870827e-06
D_10169,0.0
D_10176,0.0
D_10182,0.0
D_10183,2.624110127725892e-07
D_10184,8.41591315710718e-06
D_10186,0.0
D_10221,0.0
D_10231,0.0002486596112251441
D_10232,2.2980462221734758e-05
D_10233,2.4835549227938823e-05
D_10234,8.949768359661661e-05
D_10235,4.562538637429183e-06
D_10236,2.0261072599326827e-05
D_10237,0.000307416131445955
D_10238,1.256478752046465e-07
D_10239,3.211498816331626e-06
D_10240,0.0
D_10241,9.876746617392395e-06
D_10242,1.0770258067028656e-05
D_10243,0.0
D_10244,2.952308941829291e-06
D_10245,0.0
D_10246,0.0
D_10247,0.0
D_10251,0.0
D_10262,0.0
D_10289,6.421648919662446e-05
D_10290,0.0005548552672473504
D_10291,3.803193902706088e-05
D_10292,2.2232239138344713e-05
D_10293,0.00011029075352169044
D_10294,2.9400756639636762e-05
D_10295,3.85986294441662e-05
D_10296,0.00019765677603140382
D_10297,8.639035642747417e-06
D_10298,2.901751797814079e-06
D_10299,1.6898031075400915e-07
D_10300,1.6589437526344957e-05
D_10301,1.558819194872329e-07
D_10302,0.0
D_10303,0.0
D_10306,0.0
D_10307,0.0
D_10316,0.0
D_10317,1.774370520259348e-06
D_10318,8.389538832510862e-05
D_10319,6.40115079712655e-05
D_10320,1.7073823542248238e-05
D_10321,1.4385954857918766e-06
D_10322,0.0
D_10323,4.579160857673034e-07
D_10324,6.134772098959879e-08
D_10325,1.0712565352103257e-06
D_10326,4.304580531681416e-06
D_10327,1.5920034168610205e-05
D_10328,2.2153073790919294e-05
D_10329,1.5938368566298324e-07
D_10330,0.0
D_10331,0.0
D_10332,0.0
D_10334,0.0
D_10335,0.0
D_10336,1.2325401533346655e-07
D_10337,0.0
D_10338,0.0
D_10349,0.0
D_10364,0.0
D_10365,3.89760908099438e-05
D_10366,0.0
D_10367,2.4748027335339417e-05
D_10368,3.716767622942671e-05
D_10369,0.00010355311247440074
D_10370,4.4208797032812956e-07
D_10371,7.7236918914649e-07
D_10372,1.0069714563264265e-05
D_10373,0.0
D_10374,0.0
D_10375,0.0
D_10376,0.0
D_10377,0.0
D_10379,0.0
D_10380,1.3993047321510304e-08
D_10381,1.4129742595767025e-07
D_10382,1.8077599828073086e-05
D_10383,4.741518467020709e-06
D_10387,5.336272375317928e-05
D_10388,6.507016660778296e-05
D_10389,1.583298823120699e-05
D_10390,2.486466336888687e-05
D_10391,3.6634762351611474e-05
D_10392,2.039908550232113e-05
D_10393,1.728775701018966e-06
D_10394,0.00018867707262813988
D_10395,3.7679564065391642e-06
D_10396,1.5173391106226907e-08
D_10397,4.816610883818571e-05
D_10398,2.131138493255477e-06
D_10399,1.046413354940592e-05
D_10400,3.6877204507953276e-05
D_10401,2.7869493869885706e-09
D_10402,1.3993047310626636e-08
D_10403,0.0
D_10404,0.0
D_10405,0.0
D_10406,0.0
D_10407,0.0
D_10408,0.0
D_10409,0.0
D_10410,0.0
D_10413,0.0
D_10414,0.0
D_10415,9.272866835377273e-09
D_10416,3.0168477856564627e-05
D_10417,0.0
D_10418,0.0
D_10419,0.0
D_10420,0.0
D_10421,0.0
D_10422,0.0
D_10423,0.0
D_10424,0.0
D_10425,0.0
D_10429,0.0
D_10437,0.0
D_10438,0.0
D_10443,0.0
D_10446,5.4206533635658505e-05
D_10447,0.0
D_10448,9.309563491136439e-06
D_10449,0.0
D_10450,0.0
D_10451,0.0
D_10460,0.0
D_10462,0.0
D_10463,0.0
D_10464,0.0
D_10466,0.0
D_10468,0.0
D_10469,0.0
D_10470,0.0
D_10471,3.268804589188267e-06
D_10472,1.4371215689830485e-06
D_10473,0.0006176513141126583
D_10474,1.787913685367637e-05
D_10475,0.0
D_10476,8.593266741918107e-07
D_10477,0.0
D_10481,0.0
D_10482,0.0
D_10483,0.0
D_10495,0.00010841610226094075
D_10499,0.0
D_10512,0.0
D_10513,0.0
D_10514,0.0
D_10518,0.0
D_10519,0.0
D_10520,0.0
D_10525,0.0
D_10527,0.0
D_10533,0.0
D_10548,0.0
D_10550,3.0058682755776355e-06
D_10551,2.2150700388420725e-05
D_10552,0.0
D_10553,1.245814242607156e-06
D_10554,4.908892127473659e-07
D_10555,0.0
D_10556,3.4406782576700922e-09
D_10557,2.2590922329348142e-05
D_10559,0.0
D_10560,0.0
D_10562,0.0
D_10563,0.0
D_10564,1.102427719787534e-06
D_10572,7.546649877043878e-08
D_10573,4.0428481505760106e-07
D_10574,4.1047564521640814e-05
D_10575,0.0
D_10576,1.2721334394984855e-07
D_10577,0.0
D_10579,0.0
D_10580,9.13223420456576e-06
D_10581,0.0
D_10582,0.0
D_10583,0.0
D_10584,0.0
D_10585,0.0
D_10586,0.0
D_10587,0.0
D_10588,0.0
D_10596,1.0363930436068529e-05
D_10598,7.341690870718905e-05
D_10599,2.622253200437061e-05
D_10600,1.2044763264697147e-09
D_10601,7.469341934636153e-05
D_10602,0.0
D_10603,0.0
D_10604,4.209435688014702e-07
D_10605,1.673394747709538e-05
D_10606,0.0
D_10607,0.0
D_10610,0.0
D_10642,0.0
D_10643,0.0
D_10645,3.1311127864765297e-08
D_10646,5.741201549408991e-05
D_10647,3.61486259048286e-09
D_10648,4.918713239894751e-05
D_10649,0.0
D_10650,0.0
D_10651,0.0
D_10652,0.0
D_10654,0.0
D_10666,2.9377208754484314e-05
D_10668,2.2079477484763756e-07
D_10669,0.0
D_10670,6.634391099993979e-06
D_10671,0.000184955968256609
D_10672,3.773435711661086e-05
D_10673,8.581957931768962e-07
D_10674,1.2264576333708595e-05
D_10675,0.0
D_10676,1.204954196807931e-07
D_10677,6.560343617663451e-07
D_10678,0.0
D_10682,0.0
D_10683,0.0
D_10684,0.0
D_10693,0.0
D_10694,2.5348719173527066e-07
D_10695,4.118721249794254e-07
D_10696,0.0
D_10697,2.7487834408956365e-05
D_10698,0.0
D_10699,3.40440556392859e-06
D_10700,1.4146272182632034e-06
D_10701,0.0
D_10702,0.0
D_10703,0.0
D_10706,0.0
D_10735,0.0
D_10736,0.0
D_10737,0.0
D_10742,0.0
D_10772,0.0
